Frame_Number,Width_Pixels,Height_Pixels,Area_Pixels,Depth_mm
1761286372235,296,472,139712,
1761286374802,178,456,81168,
1761286375506,135,460,62100,
1761286376111,165,462,76230,
1761286376790,168,467,78456,
1761286377486,172,472,81184,
1761286378093,166,472,78352,
1761286378763,160,473,75680,
1761286379463,156,473,73788,
1761286380164,160,448,71680,
1761286380859,163,443,72209,
1761286381490,165,422,69630,
1761286382191,163,418,68134,
1761286382842,155,473,73315,
1761286383427,155,471,73005,
1761286384090,154,471,72534,
1761286384779,153,471,72063,
1761286385456,154,473,72842,
1761286386151,155,473,73315,
1761286386834,156,463,72228,
1761286387510,155,463,71765,
1761286388181,154,462,71148,
1761286388874,147,456,67032,
1761286389503,148,458,67784,
1761286390196,158,456,72048,
1761286390851,156,457,71292,
1761286391520,155,453,70215,
1761286392218,146,448,65408,
1761286392905,157,444,69708,
1761286393564,149,445,66305,
1761286394268,146,443,64678,
1761286394952,151,455,68705,
1761286395649,144,456,65664,
1761286396299,143,456,65208,
1761286397002,148,454,67192,
1761286397695,149,457,68093,
1761286398352,149,457,68093,
1761286399011,150,456,68400,
1761286399687,154,454,69916,
1761286400365,152,457,69464,
1761286401033,150,456,68400,
1761286401663,152,453,68856,
1761286402314,152,455,69160,
1761286402987,156,456,71136,
1761286408069,159,458,72822,
1761286408730,155,457,70835,
1761286409384,156,459,71604,
1761286410082,155,459,71145,
1761286410750,159,460,73140,
1761286411424,160,462,73920,
1761286412082,159,461,73299,
1761286412763,159,460,73140,
1761286413421,155,457,70835,
1761286414088,154,461,70994,
1761286414760,159,460,73140,
1761286415424,161,461,74221,
1761286416102,157,462,72534,
1761286416777,151,461,69611,
1761286417432,153,463,70839,
1761286418128,157,454,71278,
1761286418825,171,446,76266,
1761286419497,180,445,80100,
1761286420135,183,438,80154,
1761286420783,148,447,66156,
1761286421456,153,461,70533,
1761286422127,156,466,72696,
1761286422792,152,465,70680,
1761286423450,142,469,66598,
1761286424151,131,465,60915,
1761286424845,130,447,58110,
1761286425520,113,459,51867,
1761286426202,99,463,45837,
1761286426829,107,465,49755,
1761286427508,103,466,47998,
1761286428153,108,463,50004,
1761286428801,108,463,50004,
1761286429504,117,459,53703,
1761286430207,101,464,46864,
1761286430838,95,470,44650,
1761286431490,101,467,47167,
1761286432149,96,470,45120,
1761286432816,97,471,45687,
1761286434155,99,469,46431,
1761286434813,98,469,45962,
1761286435514,97,467,45299,
1761286436218,96,467,44832,
1761286436922,100,465,46500,
1761286437659,119,468,55692,
1761286438347,131,471,61701,
1761286439063,126,473,59598,
1761286439739,159,472,75048,
1761286440420,140,467,65380,
1761286441096,146,467,68182,
1761286441795,128,472,60416,
1761286442455,122,472,57584,
1761286443127,127,472,59944,
1761286443801,120,472,56640,
1761286444471,144,474,68256,
1761286445133,146,473,69058,
1761286445827,124,473,58652,
1761286446546,134,472,63248,
1761286447182,125,472,59000,
1761286447865,148,472,69856,
1761286448507,157,473,74261,
1761286449115,171,473,80883,
1761286449818,160,473,75680,
1761286450515,148,468,69264,
1761286451722,134,467,62578,
1761286452400,164,473,77572,
1761286452979,129,470,60630,
1761286453655,142,468,66456,
1761286454328,130,471,61230,
1761286455043,125,472,59000,
1761286455725,123,471,57933,
1761286456397,115,463,53245,
1761286457134,112,471,52752,
1761286457831,121,472,57112,
1761286458515,126,472,59472,
1761286459227,124,472,58528,
1761286459894,154,465,71610,
1761286460526,154,448,68992,
1761286461207,149,455,67795,
1761286461906,139,463,64357,
1761286462613,135,469,63315,
1761286463277,124,475,58900,
1761286467624,106,473,50138,
1761286468259,119,474,56406,
1761286469498,134,472,63248,
1761286470151,119,458,54502,
1761286470894,130,462,60060,
1761286471568,123,463,56949,
1761286472255,139,454,63106,
1761286472935,110,443,48730,
1761286473592,107,456,48792,
1761286474247,106,454,48124,
1761286474819,102,454,46308,
1761286475508,102,453,46206,
1761286476146,112,445,49840,
1761286476775,113,442,49946,
1761286477466,110,450,49500,
1761286478067,121,435,52635,
1761286478768,125,421,52625,
1761286479451,131,424,55544,
1761286480133,134,425,56950,
1761286480828,116,421,48836,
1761286481514,119,445,52955,
1761286482145,112,447,50064,
1761286482799,112,450,50400,
1761286483474,117,450,52650,
1761286484153,130,445,57850,
1761286484832,142,448,63616,
1761286485491,142,447,63474,
1761286486202,150,449,67350,
1761286486897,150,436,65400,
1761286487572,154,435,66990,
1761286488274,149,429,63921,
1761286488926,143,417,59631,
1761286489595,150,414,62100,
1761286490269,149,421,62729,
1761286490957,148,422,62456,
1761286491649,139,444,61716,
1761286492494,147,447,65709,
1761286493094,145,446,64670,
1761286493797,143,448,64064,
1761286494499,135,452,61020,
1761286495151,138,450,62100,
1761286495846,135,450,60750,
1761286496552,136,449,61064,
1761286497238,140,450,63000,
1761286497935,142,451,64042,
1761286498651,133,447,59451,
1761286499349,125,452,56500,
1761286500033,99,448,44352,
1761286500702,110,450,49500,
1761286501373,106,449,47594,
1761286502072,109,448,48832,
1761286502786,107,448,47936,
1761286503476,101,449,45349,
1761286504141,92,448,41216,
1761286504811,90,447,40230,
1761286505555,91,444,40404,
1761286506203,86,448,38528,
1761286506858,87,453,39411,
1761286507559,84,450,37800,
1761286508251,84,448,37632,
1761286508895,85,450,38250,
1761286509543,84,449,37716,
1761286510255,87,449,39063,
1761286510924,87,449,39063,
1761286511608,87,448,38976,
1761286512302,88,449,39512,
1761286512961,85,449,38165,
1761286513614,87,439,38193,
1761286514281,100,446,44600,
1761286514897,118,458,54044,
1761286515583,129,457,58953,
1761286516291,123,452,55596,
1761286516987,125,451,56375,
1761286517643,126,450,56700,
1761286518323,124,452,56048,
1761286519032,127,450,57150,
1761286519735,127,449,57023,
1761286520409,129,449,57921,
1761286521058,133,448,59584,
1761286521739,125,450,56250,
1761286522416,125,451,56375,
1761286523056,126,451,56826,
1761286523706,126,451,56826,
1761286524390,126,450,56700,
1761286525057,124,450,55800,
1761286525662,126,449,56574,
1761286526344,123,449,55227,
1761286527024,125,449,56125,
1761286527684,125,449,56125,
1761286528392,124,448,55552,
1761286529081,124,449,55676,
1761286529759,125,443,55375,
1761286530435,137,447,61239,
1761286531145,157,451,70807,
1761286531779,155,453,70215,
1761286532492,150,455,68250,
1761286533171,146,455,66430,
1761286533820,146,454,66284,
1761286534516,146,453,66138,
1761286535247,152,450,68400,
1761286535917,163,444,72372,
1761286537255,153,451,69003,
1761286537939,146,455,66430,
1761286538562,145,456,66120,
1761286539250,140,456,63840,
1761286539932,146,462,67452,
1761286540552,157,468,73476,
1761286543167,155,471,73005,
1761286543813,143,452,64636,
1761286544547,152,447,67944,
1761286545255,150,448,67200,
1761286546547,138,452,62376,
1761286547201,137,453,62061,
1761286547911,132,454,59928,
1761286548587,130,453,58890,
1761286549269,130,453,58890,
1761286549979,130,452,58760,
1761286550653,133,452,60116,
1761286551327,163,452,73676,
1761286552012,144,453,65232,
1761286552633,140,453,63420,
1761286553334,141,452,63732,
1761286554603,140,454,63560,
1761286560226,119,464,55216,
1761286560913,122,472,57584,
1761286561627,122,473,57706,
1761286562283,117,472,55224,
1761286562899,123,473,58179,
1761286563550,122,472,57584,
1761286564141,123,470,57810,
1761286564850,111,472,52392,
1761286565482,144,467,67248,
1761286566138,151,469,70819,
1761286566828,145,472,68440,
1761286567489,142,473,67166,
1761286568189,121,473,57233,
1761286571966,157,450,70650,
1761286572606,143,447,63921,
1761286573256,137,457,62609,
1761286573942,144,457,65808,
1761286574608,122,468,57096,
1761286575303,118,471,55578,
1761286575960,123,473,58179,
1761286576708,111,474,52614,
1761286577399,108,473,51084,
1761286578089,108,473,51084,
1761286578681,108,474,51192,
1761286579378,109,474,51666,
1761286580058,109,474,51666,
1761286580793,109,474,51666,
1761286581464,108,474,51192,
1761286582138,109,474,51666,
1761286582825,110,474,52140,
1761286583537,108,473,51084,
1761286584202,109,472,51448,
1761286584866,114,472,53808,
1761286585525,122,473,57706,
1761286586182,111,473,52503,
1761286586869,103,458,47174,
1761286587578,115,465,53475,
1761286588245,119,469,55811,
1761286588938,126,468,58968,
1761286589638,131,470,61570,
1761286590304,130,472,61360,
1761286591017,126,470,59220,
1761286591676,137,471,64527,
1761286592361,142,464,65888,
1761286593033,153,467,71451,
1761286593675,163,465,75795,
1761286594233,153,462,70686,
1761286594924,153,461,70533,
1761286595629,154,461,70994,
1761286596294,156,462,72072,
1761286596916,172,460,79120,
1761286597655,176,459,80784,
1761286598305,154,459,70686,
1761286599029,112,472,52864,
1761286600352,93,455,42315,
1761286601027,120,472,56640,
1761286601723,134,473,63382,
1761286602401,137,468,64116,
1761286603079,148,470,69560,
1761286603744,173,473,81829,
1761286657707,142,447,63474,
1761286659663,133,452,60116,
1761286660340,129,451,58179,
1761286661017,128,449,57472,
1761286661712,128,448,57344,
1761286662362,130,450,58500,
1761286663077,133,458,60914,
1761286670604,129,457,58953,
1761286671920,152,474,72048,
1761286672627,147,474,69678,
1761286673281,139,474,65886,
1761286676396,137,473,64801,
1761286677023,156,474,73944,
1761286677678,155,474,73470,
1761286678374,154,474,72996,
1761286678999,99,475,47025,
1761286679654,98,475,46550,
1761286680220,98,474,46452,
1761286680770,101,472,47672,
1761286681488,113,473,53449,
1761286682204,143,475,67925,
1761286682871,146,474,69204,
1761286683530,147,474,69678,
1761286684225,148,474,70152,
1761286684857,147,474,69678,
1761286685463,140,473,66220,
1761286686103,144,473,68112,
1761286686771,148,474,70152,
1761286687456,142,474,67308,
1761286688094,148,473,70004,
1761286688771,154,475,73150,
1761286689424,158,471,74418,
1761286690073,159,473,75207,
1761286690744,167,473,78991,
1761286691391,176,469,82544,
1761286692032,157,473,74261,
1761286692705,164,473,77572,
1761286693392,177,473,83721,
1761286694078,167,474,79158,
1761286694700,158,473,74734,
1761286695282,164,474,77736,
1761286695851,170,474,80580,
1761286696536,170,474,80580,
1761286697186,165,473,78045,
1761286697813,168,474,79632,
1761286698526,165,474,78210,
1761286699154,164,473,77572,
1761286699742,156,473,73788,
1761286700382,146,472,68912,
1761286701057,144,473,68112,
1761286701639,118,472,55696,
1761286702289,125,470,58750,
1761286702948,119,469,55811,
1761286703626,130,465,60450,
1761286704273,124,466,57784,
1761286704910,123,467,57441,
1761286705581,139,462,64218,
1761286706228,136,462,62832,
1761286706847,140,462,64680,
1761286707523,139,463,64357,
1761286708120,140,462,64680,
1761286708829,139,460,63940,
1761286709545,140,460,64400,
1761286710232,138,459,63342,
1761286710913,123,459,56457,
1761286711565,106,471,49926,
1761286712168,104,470,48880,
1761286712800,105,470,49350,
1761286713443,104,470,48880,
1761286714104,106,470,49820,
1761286714798,119,469,55811,
1761286715458,109,463,50467,
1761286716069,105,468,49140,
1761286716747,105,472,49560,
1761286717417,107,471,50397,
1761286718080,107,464,49648,
1761286718732,112,461,51632,
1761286719390,126,455,57330,
1761286720050,135,445,60075,
1761286720729,137,445,60965,
1761286721404,142,445,63190,
1761286722702,129,455,58695,
1761286723402,112,458,51296,
1761286724051,107,460,49220,
1761286724741,99,464,45936,
1761286725446,100,464,46400,
1761286726159,95,466,44270,
1761286726856,92,464,42688,
1761286727552,96,463,44448,
1761286728222,93,462,42966,
1761286728936,96,464,44544,
1761286729520,96,462,44352,
1761286730180,96,464,44544,
1761286730824,98,460,45080,
1761286731487,111,459,50949,
1761286732159,108,462,49896,
1761286732688,109,459,50031,
1761286733374,109,460,50140,
1761286734089,113,461,52093,
1761286734701,105,458,48090,
1761286735370,103,457,47071,
1761286736018,103,458,47174,
1761286736704,101,458,46258,
1761286737382,100,458,45800,
1761286738047,106,455,48230,
1761286738711,108,452,48816,
1761286739295,105,449,47145,
1761286739957,110,454,49940,
1761286740612,116,447,51852,
1761286741294,126,462,58212,
1761286741964,141,462,65142,
1761286742651,139,435,60465,
1761286743294,143,436,62348,
1761286743961,143,437,62491,
1761286744647,140,437,61180,
1761286745237,138,437,60306,
1761286745822,149,436,64964,
1761286746457,159,429,68211,
1761286747105,156,429,66924,
1761286747779,165,426,70290,
1761286748457,162,427,69174,
1761286749148,167,426,71142,
1761286749781,162,428,69336,
1761286750444,164,427,70028,
1761286751099,165,426,70290,
1761286751781,165,431,71115,
1761286752362,165,430,70950,
1761286753017,165,428,70620,
1761286753676,153,436,66708,
1761286754359,159,437,69483,
1761286754991,142,433,61486,
1761286755625,143,432,61776,
1761286756296,143,432,61776,
1761286756955,144,434,62496,
1761286757624,145,432,62640,
1761286758304,141,428,60348,
1761286758940,142,429,60918,
1761286759595,141,427,60207,
1761286760277,141,428,60348,
1761286760956,140,425,59500,
1761286761666,140,425,59500,
1761286762354,144,425,61200,
1761286762979,142,422,59924,
1761286763640,140,424,59360,
1761286764305,141,425,59925,
1761286764954,143,426,60918,
1761286765664,141,428,60348,
1761286766360,139,425,59075,
1761286767064,139,426,59214,
1761286767683,137,427,58499,
1761286768314,139,426,59214,
1761286768912,139,422,58658,
1761286769573,142,417,59214,
1761286770268,138,417,57546,
1761286770912,138,421,58098,
1761286771621,141,420,59220,
1761286772322,139,413,57407,
1761286772322,95,288,27360,
1761286772366,135,409,55215,
1761286772366,95,289,27455,
1761286773032,134,457,61238,
1761286773032,106,265,28090,
1761286773680,105,463,48615,
1761286774339,99,467,46233,
1761286775030,95,468,44460,
1761286775676,97,465,45105,
1761286776367,104,469,48776,
1761286776981,117,471,55107,
1761286777681,134,463,62042,
1761286778367,159,465,73935,
1761286779025,160,463,74080,
1761286779685,149,457,68093,
1761286780359,152,453,68856,
1761286781013,152,454,69008,
1761286781644,153,459,70227,
1761286782339,153,461,70533,
1761286782966,156,460,71760,
1761286783629,155,460,71300,
1761286784294,159,460,73140,
1761286784844,177,453,80181,
1761286785546,147,459,67473,
1761286786176,136,466,63376,
1761286786848,126,458,57708,
1761286787533,107,452,48364,
1761286788203,99,458,45342,
1761286788872,99,462,45738,
1761286789596,105,465,48825,
1761286790285,130,459,59670,
1761286790940,106,457,48442,
1761286791596,103,462,47586,
1761286792205,114,459,52326,
1761286792864,113,461,52093,
1761286793466,103,461,47483,
1761286794135,105,462,48510,
1761286794786,104,465,48360,
1761286795417,115,463,53245,
1761286796088,115,465,53475,
1761286796794,123,465,57195,
1761286797429,108,466,50328,
1761286798095,87,458,39846,
1761286798742,109,462,50358,
1761286799404,108,465,50220,
1761286800091,90,465,41850,
1761286800750,94,463,43522,
1761286801362,101,460,46460,
1761286802058,98,464,45472,
1761286802609,105,471,49455,
1761286803213,106,470,49820,
1761286803877,101,463,46763,
1761286804634,107,460,49220,
1761286805326,106,462,48972,
1761286806015,107,461,49327,
1761286806651,107,460,49220,
1761286807306,120,451,54120,
1761286807963,126,460,57960,
1761286808661,142,470,66740,
1761286809242,138,466,64308,
1761286809911,136,465,63240,
1761286810595,135,464,62640,
1761286811220,132,463,61116,
1761286811918,144,462,66528,
1761286812541,145,461,66845,
1761286813181,155,461,71455,
1761286813866,151,462,69762,
1761286814545,149,464,69136,
1761286815188,149,464,69136,
1761286815875,149,464,69136,
1761286816472,149,464,69136,
1761286816472,39,81,3159,
1761286817165,149,463,68987,
1761286817863,149,463,68987,
1761286817863,31,105,3255,
1761286818488,148,462,68376,
1761286819143,147,462,67914,
1761286819143,30,141,4230,
1761286819789,148,461,68228,
1761286819789,53,144,7632,
1761286820486,142,468,66456,
1761286820486,64,157,10048,
1761286821164,131,464,60784,
1761286821164,56,172,9632,
1761286821801,130,452,58760,
1761286821801,40,160,6400,
1761286822443,131,452,59212,
1761286823084,155,459,71145,
1761286825010,250,473,118250,
1761286825010,119,271,32249,
1761286825677,270,471,127170,
1761286825677,63,121,7623,
1761286826360,264,472,124608,
1761286826360,87,160,13920,
1761287025596,104,471,48984,
1761287026285,115,463,53245,
1761287026928,130,471,61230,
1761287027629,132,470,62040,
1761287028326,157,466,73162,
1761287029005,146,468,68328,
1761287029603,154,468,72072,
1761287030295,132,452,59664,
1761287030968,128,440,56320,
1761287031655,105,438,45990,
1761287032317,102,446,45492,
1761287032977,98,457,44786,
1761287033655,146,456,66576,
1761287034249,149,449,66901,
1761287034952,144,446,64224,
1761287035602,140,445,62300,
1761287036266,138,444,61272,
1761287036934,135,445,60075,
1761287037595,137,460,63020,
1761287038257,140,462,64680,
1761287038961,136,464,63104,
1761287039597,116,459,53244,
1761287040251,101,454,45854,
1761287040897,113,455,51415,
1761287041603,112,455,50960,
1761287042254,103,459,47277,
1761287042905,123,460,56580,
1761287049648,137,411,56307,
1761287050303,101,459,46359,
1761287050941,101,462,46662,
1761287051611,98,459,44982,
1761287052249,100,459,45900,
1761287052930,122,459,55998,
1761287053564,121,462,55902,
1761287054246,137,466,63842,
1761287054877,137,456,62472,
1761287055536,145,456,66120,
1761287056158,147,458,67326,
1761287056783,147,457,67179,
1761287057432,148,456,67488,
1761287058120,137,456,62472,
1761287058760,134,457,61238,
1761287059398,139,459,63801,
1761287060078,134,458,61372,
1761287060727,135,459,61965,
1761287061342,168,457,76776,
1761287062022,152,458,69616,
1761287062691,148,459,67932,
1761287063301,148,458,67784,
1761287063994,147,458,67326,
1761287064671,147,457,67179,
1761287065347,146,458,66868,
1761287066015,144,454,65376,
1761287066690,146,448,65408,
1761287067363,176,438,77088,
1761287067985,208,430,89440,
1761287068700,211,420,88620,
1761287069399,211,422,89042,
1761287070097,171,445,76095,
1761287070802,149,461,68689,
1761287071484,147,464,68208,
1761287072156,148,462,68376,
1761287072778,142,464,65888,
1761287073459,167,467,77989,
1761287074132,148,464,68672,
1761287074824,126,460,57960,
1761287075493,125,461,57625,
1761287076140,111,462,51282,
1761287076811,106,469,49714,
1761287077488,107,463,49541,
1761287078195,103,462,47586,
1761287078872,103,462,47586,
1761287079539,102,462,47124,
1761287080215,102,463,47226,
1761287080825,102,463,47226,
1761287080825,93,313,29109,
1761287080846,94,458,43052,
1761287080846,93,310,28830,
1761287081456,95,462,43890,
1761287082143,97,469,45493,
1761287082792,98,462,45276,
1761287083473,105,459,48195,
1761287084133,110,460,50600,
1761287084795,105,461,48405,
1761287085506,94,429,40326,
1761287085506,103,462,47586,
1761287086173,135,373,50355,
1761287086173,103,463,47689,
1761287086837,104,322,33488,
1761287086837,105,464,48720,
1761287087448,143,473,67639,
1761287087448,70,274,19180,
1761287155008,319,473,150887,
1761287158801,152,457,69464,
1761287159518,143,470,67210,
1761287160144,152,467,70984,
1761287160822,158,465,73470,
1761287161453,154,464,71456,
1761287162147,151,465,70215,
1761287162783,147,466,68502,
1761287163421,138,447,61686,
1761287164125,158,446,70468,
1761287164798,126,469,59094,
1761287165426,119,473,56287,
1761287166118,120,470,56400,
1761287166767,120,465,55800,
1761287167377,121,465,56265,
1761287168045,117,461,53937,
1761287168724,114,457,52098,
1761287169398,108,457,49356,
1761287170078,110,458,50380,
1761287170690,104,462,48048,
1761287171374,96,469,45024,
1761287172011,100,460,46000,
1761287172668,103,460,47380,
1761287173278,99,459,45441,
1761287173948,100,464,46400,
1761287174623,100,461,46100,
1761287175310,100,461,46100,
1761287175847,112,459,51408,
1761287176555,111,457,50727,
1761287177150,106,457,48442,
1761287177887,106,460,48760,
1761287178600,106,459,48654,
1761287179297,112,459,51408,
1761287179986,113,455,51415,
1761287180622,110,455,50050,
1761287181286,130,456,59280,
1761287181940,124,447,55428,
1761287182618,127,445,56515,
1761287183303,137,443,60691,
1761287183967,128,452,57856,
1761287184657,100,455,45500,
1761287185321,97,455,44135,
1761287186010,99,455,45045,
1761287186524,99,454,44946,
1761287187188,99,453,44847,
1761287187848,101,454,45854,
1761287188554,101,454,45854,
1761287189178,100,452,45200,
1761287189852,100,451,45100,
1761287190537,98,454,44492,
1761287191215,150,452,67800,
1761287191875,118,447,52746,
1761287192545,112,447,50064,
1761287193803,106,455,48230,
1761287194505,105,459,48195,
1761287195118,109,460,50140,
1761287195811,105,465,48825,
1761287196502,125,465,58125,
1761287197189,124,433,53692,
1761287197860,118,422,49796,
1761287198516,158,440,69520,
1761287199172,125,464,58000,
1761287199866,115,463,53245,
1761287200497,113,462,52206,
1761287201114,129,464,59856,
1761287201802,140,465,65100,
1761287202425,146,464,67744,
1761287203120,144,463,66672,
1761287203828,146,462,67452,
1761287204507,143,462,66066,
1761287205147,141,462,65142,
1761287205835,141,462,65142,
1761287206532,141,462,65142,
1761287207175,143,461,65923,
1761287207907,146,461,67306,
1761287208583,151,462,69762,
1761287209232,170,461,78370,
1761287209817,147,457,67179,
1761287210497,148,428,63344,
1761287211140,161,439,70679,
1761287211834,157,442,69394,
1761287212532,159,445,70755,
1761287213219,163,446,72698,
1761287213822,160,454,72640,
1761287214432,159,455,72345,
1761287215070,160,456,72960,
1761287215751,162,456,73872,
1761287216410,158,454,71732,
1761287217110,158,455,71890,
1761287217734,157,456,71592,
1761287218424,157,456,71592,
1761287219085,157,457,71749,
1761287219787,159,457,72663,
1761287220413,161,458,73738,
1761287221101,155,459,71145,
1761287221765,142,463,65746,
1761287222432,138,435,60030,
1761287223081,123,422,51906,
1761287223718,116,442,51272,
1761287224398,108,464,50112,
1761287225065,107,468,50076,
1761287225759,104,464,48256,
1761287226436,108,463,50004,
1761287227093,103,463,47689,
1761287227747,103,463,47689,
1761287228386,99,462,45738,
1761287228946,98,463,45374,
1761287229609,101,463,46763,
1761287230317,101,463,46763,
1761287230997,102,462,47124,
1761287306188,171,450,76950,
1761287306879,98,459,44982,
1761287307560,98,463,45374,
1761287308209,101,462,46662,
1761287308858,100,463,46300,
1761287309494,100,463,46300,
1761287310129,101,462,46662,
1761287310813,103,460,47380,
1761287311475,122,448,54656,
1761287312089,126,462,58212,
1761287312756,130,461,59930,
1761287313411,134,462,61908,
1761287314114,133,461,61313,
1761287314777,153,468,71604,
1761287315439,149,470,70030,
1761287316113,147,465,68355,
1761287316780,149,466,69434,
1761287317446,150,463,69450,
1761287318079,154,465,71610,
1761287318734,153,464,70992,
1761287319381,147,461,67767,
1761287320032,143,469,67067,
1761287320719,135,465,62775,
1761287321386,132,461,60852,
1761287322039,119,459,54621,
1761287322728,114,460,52440,
1761287323407,112,456,51072,
1761287324022,115,456,52440,
1761287324717,111,457,50727,
1761287325433,132,456,60192,
1761287326789,124,438,54312,
1761287328039,119,452,53788,
1761287328781,116,450,52200,
1761287329465,120,451,54120,
1761287330142,115,447,51405,
1761287330804,110,445,48950,
1761287331506,113,443,50059,
1761287332180,113,430,48590,
1761287332855,119,434,51646,
1761287333576,110,434,47740,
1761287334201,105,432,45360,
1761287334881,111,418,46398,
1761287335505,119,424,50456,
1761287336216,154,430,66220,
1761287336856,158,427,67466,
1761287337549,153,426,65178,
1761287338262,152,421,63992,
1761287338926,160,427,68320,
1761287339560,153,407,62271,
1761287340206,152,411,62472,
1761287340840,153,420,64260,
1761287341514,153,437,66861,
1761287342219,135,445,60075,
1761287342881,131,448,58688,
1761287343559,116,447,51852,
1761287344120,104,439,45656,
1761287344692,93,451,41943,
1761287345381,90,459,41310,
1761287346038,88,458,40304,
1761287346715,97,450,43650,
1761287347436,92,453,41676,
1761287348098,89,449,39961,
1761287348811,114,454,51756,
1761287349535,119,452,53788,
1761287350204,136,448,60928,
1761287350869,148,451,66748,
1761287351521,140,442,61880,
1761287352195,142,454,64468,
1761287352855,146,454,66284,
1761287353503,143,457,65351,
1761287354190,144,457,65808,
1761287354904,150,457,68550,
1761287355537,148,457,67636,
1761287356194,141,458,64578,
1761287356837,135,453,61155,
1761287357546,125,456,57000,
1761287358206,114,462,52668,
1761287358874,111,454,50394,
1761287359560,108,447,48276,
1761287360136,104,454,47216,
1761287360848,103,460,47380,
1761287361477,100,455,45500,
1761287362176,99,447,44253,
1761287362802,115,449,51635,
1761287363438,134,448,60032,
1761287364098,129,437,56373,
1761287364754,122,428,52216,
1761287365382,132,430,56760,
1761287366081,133,430,57190,
1761287366765,122,432,52704,
1761287367417,109,441,48069,
1761287368083,112,448,50176,
1761287368733,119,451,53669,
1761287405417,252,473,119196,
1761287407946,102,440,44880,
1761287408646,123,458,56334,
1761287409291,103,446,45938,
1761287409991,124,448,55552,
1761287410644,135,450,60750,
1761287411315,133,453,60249,
1761287411987,123,456,56088,
1761287412642,120,454,54480,
1761287413308,101,451,45551,
1761287413981,98,451,44198,
1761287414680,99,452,44748,
1761287415386,103,453,46659,
1761287416044,102,452,46104,
1761287416706,103,452,46556,
1761287417361,103,452,46556,
1761287418064,103,453,46659,
1761287418738,101,455,45955,
1761287419414,107,455,48685,
1761287420036,117,449,52533,
1761287420711,115,449,51635,
1761287421401,126,455,57330,
1761287422098,140,457,63980,
1761287422755,144,456,65664,
1761287423425,168,447,75096,
1761287424084,157,450,70650,
1761287424728,141,457,64437,
1761287425347,144,455,65520,
1761287426006,141,457,64437,
1761287426659,140,457,63980,
1761287427368,139,456,63384,
1761287427995,136,455,61880,
1761287428680,135,456,61560,
1761287429348,138,455,62790,
1761287430056,146,455,66430,
1761287430691,152,455,69160,
1761287431389,149,456,67944,
1761287432031,144,455,65520,
1761287432669,136,454,61744,
1761287433388,104,449,46696,
1761287434023,96,459,44064,
1761287434691,99,451,44649,
1761287435342,104,448,46592,
1761287436023,106,448,47488,
1761287436678,114,448,51072,
1761287438047,124,449,55676,
1761287438726,113,451,50963,
1761287439409,99,453,44847,
1761287440066,103,453,46659,
1761287440756,100,453,45300,
1761287441478,100,452,45200,
1761287442210,104,453,47112,
1761287442894,111,451,50061,
1761287443521,115,450,51750,
1761287444248,110,453,49830,
1761287444932,102,455,46410,
1761287445607,97,453,43941,
1761287446260,97,452,43844,
1761287446949,109,448,48832,
1761287447577,146,437,63802,
1761287448247,141,432,60912,
1761287448926,131,424,55544,
1761287449487,135,421,56835,
1761287450126,136,423,57528,
1761287450776,135,423,57105,
1761287451432,136,421,57256,
1761287452128,135,418,56430,
1761287452721,137,418,57266,
1761287453384,135,419,56565,
1761287454089,136,417,56712,
1761287454777,132,416,54912,
1761287455444,132,414,54648,
1761287456136,138,415,57270,
1761287456798,139,415,57685,
1761287457428,138,416,57408,
1761287458076,139,415,57685,
1761287458753,138,414,57132,
1761287459394,138,414,57132,
1761287460059,139,411,57129,
1761287460752,130,410,53300,
1761287461425,133,411,54663,
1761287462098,139,415,57685,
1761287462744,134,419,56146,
1761287463459,114,438,49932,
1761287464117,123,442,54366,
1761287464768,108,449,48492,
1761287465430,113,446,50398,
1761287466071,111,446,49506,
1761287466755,107,443,47401,
1761287467412,129,449,57921,
1761287468106,128,448,57344,
1761287468785,127,448,56896,
1761287469489,130,449,58370,
1761287470168,146,446,65116,
1761287470847,156,450,70200,
1761287471544,166,413,68558,
1761287472209,143,430,61490,
1761287472866,111,441,48951,
1761287473546,99,445,44055,
1761287474252,98,449,44002,
1761287474912,87,454,39498,
1761287475554,90,456,41040,
1761287476275,85,454,38590,
1761287476939,87,454,39498,
1761287477630,90,454,40860,
1761287478336,85,453,38505,
1761287478957,85,453,38505,
1761287479621,86,454,39044,
1761287480290,87,454,39498,
1761287480954,86,454,39044,
1761287481616,85,454,38590,
1761287482332,87,452,39324,
1761287483037,86,449,38614,
1761287483711,85,450,38250,
1761287484397,90,450,40500,
1761287485048,98,458,44884,
1761287485703,111,458,50838,
1761287486286,117,452,52884,
1761287486831,118,449,52982,
1761287487520,125,452,56500,
1761287488231,131,452,59212,
1761287488924,132,453,59796,
1761287489635,123,451,55473,
1761287490278,109,443,48287,
1761287490908,92,445,40940,
1761287491604,94,453,42582,
1761287492287,93,455,42315,
1761287492995,93,456,42408,
1761287493653,95,453,43035,
1761287494347,105,449,47145,
1761287495042,157,473,74261,
1761287496839,245,471,115395,
1761287536112,163,437,71231,
1761287536673,136,444,60384,
1761287537303,91,446,40586,
1761287538014,101,452,45652,
1761287538688,90,453,40770,
1761287539375,92,451,41492,
1761287540044,93,452,42036,
1761287540712,91,452,41132,
1761287541407,93,453,42129,
1761287542069,93,450,41850,
1761287542764,128,448,57344,
1761287543355,106,451,47806,
1761287544021,92,455,41860,
1761287544651,105,456,47880,
1761287545300,118,452,53336,
1761287545965,131,448,58688,
1761287546616,142,452,64184,
1761287547197,147,454,66738,
1761287547867,141,453,63873,
1761287548535,147,456,67032,
1761287549249,135,445,60075,
1761287549878,163,438,71394,
1761287550490,124,450,55800,
1761287551100,112,458,51296,
1761287551804,106,452,47912,
1761287552432,108,449,48492,
1761287553105,120,460,55200,
1761287553741,95,459,43605,
1761287554401,98,454,44492,
1761287555035,97,454,44038,
1761287555605,92,450,41400,
1761287556325,96,448,43008,
1761287556984,96,448,43008,
1761287557705,94,449,42206,
1761287558360,96,451,43296,
1761287559030,88,453,39864,
1761287559744,87,455,39585,
1761287560402,85,454,38590,
1761287561038,84,453,38052,
1761287561662,84,450,37800,
1761287562321,88,449,39512,
1761287562988,98,453,44394,
1761287563685,109,451,49159,
1761287564367,114,454,51756,
1761287565066,112,452,50624,
1761287565701,101,453,45753,
1761287566326,101,452,45652,
1761287567010,127,442,56134,
1761287567652,141,427,60207,
1761287568307,150,432,64800,
1761287568993,112,442,49504,
1761287569680,112,444,49728,
1761287570390,143,451,64493,
1761287571063,144,449,64656,
1761287571742,143,451,64493,
1761287572424,155,448,69440,
1761287573099,150,448,67200,
1761287573783,129,453,58437,
1761287574485,113,445,50285,
1761287575212,88,451,39688,
1761287575834,100,456,45600,
1761287576486,97,453,43941,
1761287577102,95,453,43035,
1761287577781,96,453,43488,
1761287578466,98,455,44590,
1761287579148,99,449,44451,
1761287579825,95,449,42655,
1761287580501,89,446,39694,
1761287581169,119,457,54383,
1761287581835,118,449,52982,
1761287582467,147,451,66297,
1761287583151,150,452,67800,
1761287583819,141,452,63732,
1761287584478,158,464,73312,
1761287586438,259,471,121989,
