box_area,cam_depth,true_depth
96556,1093,1000
101548,882,1000
138910,840,1000
148011,954,1000
157591,800,1000
120456,1144,1000
131725,972,1000
138330,777,1000
80070,991,1000
110649,1033,1000
67639,1048,1000
100590,966,1000
127414,1016,1000
76161,934,1000
79035,1075,1000
97990,953,1000
134120,981,1000
97237,974,1000
123582,1082,1000
115918,1060,1000
158218,1030,1000
125714,972,1000
102985,943,1000
101548,1025,1000
114481,1050,1000
125019,1127,1000
79826,1144,1000
247328,865,1000
102027,835,1000
78556,1013,1000
116876,1032,1000
94166,1088,1000
146095,988,1000
101069,1025,1000
94644,1020,1000
101069,1128,1000
183936,832,1000
85262,1078,1000
109212,910,1000
72369,1001,1000
110418,1053,1000
72063,1041,1000
158696,984,1000
132884,1080,1000
125714,1000,1000
97716,1129,1000
90052,982,1000
106594,894,1000
136515,985,1000
118313,714,1000
77408,988,1000
85140,1087,1000
143400,838,1000
272460,1103,1000
106338,921,1000
104901,1017,1000
103943,1104,1000
123802,1096,1000
114242,1156,1000
112565,1068,1000
153438,1001,1000
97237,1132,1000
139098,998,1000
138620,934,1000
105859,1016,1000
97237,1030,1000
152801,774,1000
134796,733,1000
108733,936,1000
135945,845,1000
84128,864,1000
73287,1042,1000
135078,945,1000
122112,845,1000
128372,933,1000
44460,926,1000
98468,873,1000
92512,1094,1000
115439,848,1000
91489,989,1000
122112,969,1000
146095,1017,1000
75682,978,1000
98674,1090,1000
119750,951,1000
73315,1001,1000
83346,933,1000
138142,755,1000
111128,912,1000
96279,1107,1000
98674,1169,1000
120708,1057,1000
115439,997,1000
68766,1083,1000
150414,899,1000
86925,1149,1000
128372,920,1000
123802,951,1000
96078,1014,1000
149927,1015,1000
111128,983,1000
179146,952,1000
141305,822,1000
119022,979,1000
123324,1149,1000
123103,1277,1000
89386,1106,1000
120708,1244,1000
120456,1085,1000
127148,1093,1000
32504,887,1000
46366,882,1000
119978,982,1000
98674,1012,1000
150406,971,1000
126935,973,1000
108254,1023,1000
128104,843,1000
18603,866,1000
86220,928,1000
135078,1004,1000
124758,990,1000
116876,1121,1000
68832,1103,1000
94363,779,1000
92984,1089,1000
97716,1033,1000
112565,965,1000
127359,798,1000
141600,1031,1000
104901,881,1000
126882,732,1000
132683,1053,1000
44850,960,1000
126670,971,1000
91489,1030,1000
95321,1098,1000
91489,971,1000
67968,1024,1000
99632,981,1000
96758,968,1000
91298,1205,1000
130494,1151,1000
66102,1104,1000
140008,1011,1000
170045,1066,1000
87178,1070,1000
92447,961,1000
198306,1024,1000
112330,1027,1000
70266,953,1000
144179,1093,1000
91010,1217,1000
92447,1131,1000
89094,941,1000
98195,878,1000
104422,1080,1000
97034,1075,1000
95321,1118,1000
83346,979,1000
42768,795,1000
129538,1006,1000
18198,814,1000
89864,1228,1000
118313,993,1000
134120,1026,1000
110418,1189,1000
91489,983,1000
132683,955,1000
91489,1085,1000
149624,896,1000
76936,979,1000
83825,989,1000
112565,944,1000
145137,985,1000
143878,1016,1000
129330,1062,1000
141488,990,1000
70413,1046,1000
96758,1086,1000
115439,1001,1000
109212,941,1000
175426,839,1000
152801,747,1000
90531,973,1000
124061,963,1000
95800,955,1000
104901,1022,1000
142263,1043,1000
112086,964,1000
136230,1062,1000
125977,1170,1000
126935,1042,1000
95122,990,1000
41860,994,1000
84128,1236,1000
153280,900,1000
118313,1116,1000
138910,912,1000
126935,1052,1000
119750,1121,1000
70328,1145,1000
113044,725,1000
85432,1046,1000
109212,1026,1000
132683,1092,1000
79993,1237,1000
114002,914,1000
122145,1000,1000
80951,964,1000
125019,983,1000
25866,877,1000
91489,998,1000
87952,1051,1000
68585,1064,1000
102506,1107,1000
121187,1002,1000
101548,938,1000
133162,925,1000
101480,1098,1000
125019,983,1000
123324,1103,1000
79035,941,1000
17516,853,1000
121666,1049,1000
172558,1025,1000
101069,969,1000
116876,1040,1000
86742,1145,1000
157036,876,1000
131450,1058,1000
128372,1089,1000
139098,937,1000
91010,1040,1000
96758,966,1000
141784,1079,1000
92732,1297,1000
83346,959,1000
133162,1043,1000
95800,1131,1000
123324,928,1000
138142,1023,1000
99632,1263,1000
129809,1098,1000
151048,971,1000
109691,963,1000
85262,922,1000
126192,1009,1000
97237,730,1000
14233,844,1000
98195,902,1000
40633,835,1000
136230,1021,1000
92254,1200,1000
75203,952,1000
94842,1019,1000
93210,882,1000
108733,1055,1000
102506,1056,1000
126456,1077,1000
148208,932,1000
149468,911,1000
115918,988,1000
45410,888,1000
82388,1029,1000
84960,1045,1000
91298,947,1000
112330,807,1000
84304,922,1000
138620,1058,1000
130288,994,1000
82775,1014,1000
78556,1202,1000
19160,863,1000
114242,1077,1000
142263,779,1000
72688,1006,1000
95800,978,1000
91489,992,1000
113044,1030,1000
95800,1078,1000
100590,843,1000
118296,937,1000
104422,895,1000
76314,1075,1000
155350,896,1000
131725,1106,1000
124540,1003,1000
136036,742,1000
133641,956,1000
81430,1072,1000
114960,1092,1000
103943,956,1000
103248,1187,1000
108254,1045,1000
140054,1005,1000
180104,829,1000
167778,953,1000
103248,772,1000
126935,978,1000
133641,1054,1000
135557,969,1000
81909,992,1000
115434,947,1000
109940,828,1000
118792,1074,1000
115439,908,1000
102027,1016,1000
103464,920,1000
143100,800,1000
133162,1090,1000
113044,931,1000
101548,1095,1000
114002,985,1000
136036,1070,1000
95600,1084,1000
120229,953,1000
13120,863,1000
98674,962,1000
142072,914,1000
138620,1036,1000
125977,1038,1000
101548,1043,1000
81260,943,1000
159028,913,1000
107775,957,1000
138431,1007,1000
127414,969,1000
79464,1017,1000
155196,1047,1000
103943,905,1000
95321,884,1000
69531,1048,1000
104422,1004,1000
70950,1053,1000
94363,1040,1000
141784,1007,1000
130767,960,1000
107775,952,1000
116632,1047,1000
17280,850,1000
103726,957,1000
22425,932,1000
128372,998,1000
121890,1093,1000
111360,980,1000
104422,950,1000
118792,943,1000
113286,928,1000
123802,1127,1000
104901,969,1000
106338,1213,1000
84128,1236,1000
134318,1038,1000
95800,1054,1000
96758,1124,1000
101548,931,1000
112330,1291,1000
104901,1024,1000
109212,869,1000
103464,1021,1000
115676,923,1000
134120,980,1000
122846,1100,1000
96078,1101,1000
131928,1076,1000
107072,929,1000
140826,841,1000
105380,1023,1000
118066,987,1000
95321,1037,1000
124236,960,1000
117355,1025,1000
92254,1200,1000
137952,1066,1000
128582,985,1000
131246,955,1000
146574,775,1000
197827,1067,1000
121412,1145,1000
75992,999,1000
81260,897,1000
81430,1224,1000
109691,1188,1000
114002,1075,1000
119271,980,1000
136994,943,1000
89573,1004,1000
79993,1237,1000
157591,804,1000
63228,1097,1000
108254,823,1000
111607,910,1000
79993,965,1000
100111,986,1000
119750,989,1000
81909,992,1000
131175,814,1000
74576,1015,1000
113523,1054,1000
90052,985,1000
75840,1104,1000
68497,1102,1000
105859,959,1000
76153,1096,1000
140347,1049,1000
119271,957,1000
71700,1006,1000
110649,872,1000
133362,1043,1000
97716,937,1000
112330,1060,1000
19557,878,1000
138142,996,1000
114481,954,1000
127414,1042,1000
136994,1000,1000
136036,1033,1000
127414,962,1000
126935,1103,1000
131725,792,1000
189200,746,1000
109462,1099,1000
157262,929,1000
122846,1073,1000
72329,983,1000
111607,1025,1000
92708,1029,1000
110896,1025,1000
94842,1085,1000
124540,980,1000
73632,1001,1000
133641,999,1000
106817,1022,1000
138910,1066,1000
18642,851,1000
135557,1030,1000
137473,942,1000
85084,933,1000
94363,1078,1000
97716,1018,1000
120204,925,1000
125498,1109,1000
122145,1034,1000
67060,1080,1000
76640,1064,1000
75046,1214,1000
96758,996,1000
149614,830,1000
128372,1111,1000
102506,1013,1000
167650,997,1000
83825,958,1000
89573,1040,1000
20988,841,1000
90531,1031,1000
95800,961,1000
94363,975,1000
121187,943,1000
112086,1014,1000
69531,1052,1000
95321,981,1000
89573,1060,1000
79514,984,1000
86220,974,1000
127626,992,1000
145376,923,1000
127414,768,1000
86699,937,1000
25016,1201,1000
125019,1026,1000
115918,1019,1000
103943,966,1000
83172,1135,1000
151364,788,1000
143221,985,1000
158218,920,1000
73788,1001,1000
133162,1104,1000
134120,1027,1000
101336,988,1000
133641,933,1000
60706,908,1000
98674,951,1000
144179,1120,1000
125498,1082,1000
89094,907,1000
106817,1103,1000
95321,1029,1000
159652,933,1000
93884,1078,1000
140826,1007,1000
88908,1036,1000
74418,1021,1000
174356,815,1000
132406,1025,1000
83346,954,1000
98674,1013,1000
122624,1065,1000
38313,820,1000
91010,963,1000
21076,861,1000
122145,973,1000
74576,1001,1000
84304,985,1000
71423,1098,1000
119271,986,1000
141771,993,1000
123103,1141,1000
78520,997,1000
110649,1130,1000
91968,1013,1000
154872,965,1000
86220,957,1000
125019,1009,1000
87657,915,1000
263378,1068,1000
94363,972,1000
85262,945,1000
133840,1061,1000
138431,1018,1000
82867,1012,1000
111607,937,1000
145684,841,1000
98195,1022,1000
81430,978,1000
114481,899,1000
93210,1033,1000
102027,913,1000
96758,1133,1000
132204,1033,1000
58316,907,1000
82388,926,1000
138142,847,1000
69058,1059,1000
160608,1015,1000
132204,1128,1000
123103,969,1000
152482,987,1000
120615,1132,1000
97034,1089,1000
120456,953,1000
110920,1063,1000
142263,836,1000
81260,1046,1000
113523,1070,1000
109212,1009,1000
92447,1039,1000
78556,1054,1000
102506,887,1000
177709,1055,1000
73632,985,1000
113523,889,1000
117355,1088,1000
81909,937,1000
123324,1100,1000
28860,1294,1000
139868,988,1000
136036,1028,1000
19516,879,1000
140826,994,1000
49816,1162,1000
87474,1048,1000
91298,1205,1000
102027,991,1000
126935,1124,1000
96279,1068,1000
118544,857,1000
116397,1114,1000
108984,1056,1000
109212,1066,1000
152482,937,1000
94200,1110,1000
82867,950,1000
128582,994,1000
74734,1011,1000
152482,954,1000
104901,1029,1000
131928,727,1000
167650,784,1000
103464,1007,1000
135557,978,1000
140532,834,1000
124758,1110,1000
113049,921,1000
166213,868,1000
120934,982,1000
86559,1098,1000
108254,1057,1000
69856,1079,1000
94842,1088,1000
68766,1087,1000
139389,1026,1000
95321,964,1000
128851,952,1000
101548,943,1000
133840,1081,1000
71272,1022,1000
141784,1014,1000
125714,960,1000
131246,1169,1000
134318,1054,1000
95800,963,1000
126456,1077,1000
124280,942,1000
44547,1158,1000
116112,1083,1000
100590,1028,1000
71744,1061,1000
146574,998,1000
114481,920,1000
117355,893,1000
98195,940,1000
86220,1002,1000
116876,1029,1000
112565,1004,1000
120456,983,1000
130494,1110,1000
75048,1001,1000
118066,1058,1000
89573,986,1000
102506,863,1000
115439,990,1000
268719,1087,1000
126192,1012,1000
141784,1078,1000
108733,1011,1000
100111,925,1000
92926,1060,1000
108733,1051,1000
70477,1036,1000
100749,1063,1000
139098,1007,1000
84783,1063,1000
99632,1000,1000
164256,1094,1000
73632,991,1000
103464,1057,1000
128372,809,1000
95800,909,1000
110649,1016,1000
110170,968,1000
97716,970,1000
98946,1125,1000
102985,1079,1000
124497,757,1000
103726,1060,1000
146630,988,1000
108733,1049,1000
139868,986,1000
97034,1073,1000
115918,1036,1000
98946,1089,1000
76640,1169,1000
73788,1001,1000
119022,897,1000
94363,1012,1000
163954,815,1000
126935,981,1000
146095,1033,1000
122846,845,1000
99632,1131,1000
55926,891,1000
81738,984,1000
108254,958,1000
90342,1220,1000
120229,950,1000
251954,1074,1000
133162,912,1000
85741,1069,1000
119022,985,1000
72656,998,1000
90342,917,1000
81430,957,1000
96556,903,1000
120229,781,1000
74724,953,1000
102027,930,1000
134318,1068,1000
131928,817,1000
120708,943,1000
130288,978,1000
78077,879,1000
91298,1214,1000
109212,887,1000
85432,1104,1000
109691,1089,1000
117355,1009,1000
105380,929,1000
122589,751,1000
133162,953,1000
136036,1045,1000
88136,962,1000
136994,933,1000
95800,1106,1000
108254,1053,1000
119416,1126,1000
97237,964,1000
94842,969,1000
91298,1214,1000
131725,1065,1000
131450,1089,1000
105859,835,1000
73632,1064,1000
125498,1098,1000
150406,768,1000
90052,897,1000
98946,1089,1000
129538,979,1000
99632,1119,1000
120681,918,1000
118313,993,1000
74090,985,1000
74245,992,1000
108254,1003,1000
111852,809,1000
148011,1069,1000
95122,721,1000
146746,1036,1000
90531,1060,1000
114960,732,1000
105380,922,1000
114481,1122,1000
91298,1034,1000
143221,1052,1000
135752,1076,1000
98195,958,1000
120708,951,1000
131450,997,1000
103248,990,1000
86220,939,1000
148011,737,1000
75203,1082,1000
73766,987,1000
78556,1202,1000
86040,904,1000
125498,878,1000
96556,897,1000
135078,1060,1000
199264,1011,1000
100111,927,1000
159652,953,1000
181062,816,1000
120456,966,1000
142263,1108,1000
88615,997,1000
146574,1039,1000
120229,928,1000
100573,819,1000
87474,1015,1000
84783,1064,1000
85084,1101,1000
98439,1068,1000
76640,1103,1000
131450,1011,1000
97990,929,1000
93884,1086,1000
73944,1114,1000
120204,968,1000
140347,1099,1000
105859,924,1000
92254,967,1000
129809,940,1000
102027,1047,1000
95600,1036,1000
100380,1075,1000
105859,902,1000
101069,940,1000
73160,988,1000
107775,970,1000
73287,981,1000
123324,996,1000
114481,1069,1000
93688,1190,1000
273321,1055,1000
108506,1157,1000
100858,939,1000
113764,1248,1000
136994,1082,1000
83172,929,1000
140008,957,1000
76640,1064,1000
111128,1081,1000
80951,994,1000
129538,783,1000
109462,961,1000
109212,991,1000
91010,1106,1000
33180,942,1000
119750,955,1000
111128,824,1000
96758,1085,1000
101548,940,1000
143878,976,1000
156633,961,1000
110649,1000,1000
137952,997,1000
99153,967,1000
98674,1184,1000
112086,957,1000
99153,894,1000
142742,902,1000
20208,861,1000
88615,1074,1000
105859,923,1000
195432,705,1000
122145,1105,1000
81184,1096,1000
65144,1095,1000
148011,1002,1000
128372,707,1000
81430,1224,1000
77119,1019,1000
155196,868,1000
155350,950,1000
151048,937,1000
84783,954,1000
140826,1020,1000
73160,990,1000
127414,981,1000
94166,1058,1000
110649,1032,1000
102027,817,1000
106338,981,1000
130016,1062,1000
85262,1073,1000
93210,956,1000
73788,1001,1000
108254,1006,1000
98674,896,1000
80883,1083,1000
110920,1212,1000
122624,1025,1000
91010,1217,1000
81430,986,1000
112086,1001,1000
201924,824,1000
134120,987,1000
179172,956,1000
114481,1006,1000
137952,1007,1000
129330,1177,1000
107775,946,1000
132406,1063,1000
241416,1034,1000
119500,983,1000
144179,1023,1000
137473,933,1000
118544,1078,1000
129330,755,1000
91968,1048,1000
90531,1062,1000
114481,1046,1000
107775,929,1000
150406,763,1000
86376,1052,1000
40068,877,1000
107296,892,1000
124540,1041,1000
125019,1001,1000
166822,943,1000
69708,1096,1000
116876,1137,1000
117355,1096,1000
167778,993,1000
71850,1078,1000
136515,913,1000
137473,941,1000
89094,908,1000
116388,936,1000
137186,905,1000
79035,941,1000
83346,987,1000
103464,1075,1000
125236,1075,1000
100276,1032,1000
125019,1013,1000
165866,983,1000
111607,947,1000
136515,1071,1000
59750,908,1000
126670,1040,1000
131246,974,1000
106338,914,1000
122368,896,1000
69384,1089,1000
119022,988,1000
105638,996,1000
116632,1134,1000
124540,974,1000
96758,964,1000
91489,999,1000
91968,1055,1000
103248,1187,1000
99632,927,1000
120229,1088,1000
138910,1028,1000
145137,1001,1000
117834,1124,1000
123103,1044,1000
72688,1048,1000
103943,984,1000
131928,1081,1000
115198,898,1000
114960,1069,1000
132683,1033,1000
65144,1111,1000
92447,1101,1000
58316,897,1000
75203,967,1000
129330,1072,1000
141010,1010,1000
48756,824,1000
73160,972,1000
104682,978,1000
102770,986,1000
138142,1029,1000
179728,837,1000
143221,808,1000
73287,967,1000
164297,789,1000
113044,1088,1000
272938,1089,1000
126456,990,1000
107296,921,1000
134318,1022,1000
104422,1017,1000
74245,1076,1000
82388,1056,1000
136036,984,1000
132683,1020,1000
120229,1012,1000
10676,1117,1000
116154,1089,1000
139389,1037,1000
93688,1190,1000
115918,939,1000
100590,1086,1000
124540,924,1000
89094,1006,1000
23950,856,1000
117110,1161,1000
236147,1116,1000
128104,951,1000
119271,949,1000
95800,1060,1000
82694,921,1000
134318,853,1000
80782,960,1000
93884,1053,1000
93405,902,1000
126405,749,1000
173514,1022,1000
129538,989,1000
97716,924,1000
77408,1102,1000
85562,1080,1000
111852,947,1000
96078,1005,1000
106594,1064,1000
126456,956,1000
132204,1050,1000
78077,1120,1000
120456,977,1000
94842,935,1000
131450,1067,1000
251954,1058,1000
138142,943,1000
89864,1106,1000
104204,1076,1000
119500,970,1000
103464,1001,1000
144834,731,1000
112808,1033,1000
82216,975,1000
25387,876,1000
136994,1026,1000
112330,1027,1000
136230,1062,1000
68440,1027,1000
152960,937,1000
76640,1002,1000
124061,947,1000
182400,794,1000
94363,1085,1000
73287,1024,1000
93884,1062,1000
101069,974,1000
130016,1062,1000
114002,1260,1000
95142,1053,1000
144179,1036,1000
79035,1137,1000
44932,1170,1000
123802,1109,1000
123324,1045,1000
114002,811,1000
118313,1155,1000
87178,1109,1000
136036,1058,1000
118544,1033,1000
117588,884,1000
217945,726,1000
172440,862,1000
135557,965,1000
117110,1161,1000
110649,1171,1000
117834,1121,1000
106817,897,1000
114002,1040,1000
92447,1039,1000
130016,885,1000
125977,982,1000
137186,745,1000
108733,942,1000
91010,1065,1000
73766,1007,1000
119022,1089,1000
171961,851,1000
85262,1020,1000
113752,1061,1000
113764,1139,1000
94842,842,1000
85562,1090,1000
126456,982,1000
74261,1124,1000
114481,1011,1000
96556,1027,1000
107296,1031,1000
130016,1118,1000
85084,1029,1000
86220,932,1000
84488,1106,1000
91489,1026,1000
106338,955,1000
73766,1052,1000
141784,829,1000
166344,1023,1000
219861,1136,1000
132884,1049,1000
96078,1115,1000
141784,1020,1000
101069,1032,1000
95800,1106,1000
121412,1088,1000
117834,1051,1000
101548,940,1000
87032,1063,1000
105859,907,1000
84667,1064,1000
125019,1052,1000
110649,1074,1000
5964,833,1000
130767,974,1000
111128,848,1000
145312,983,1000
120229,952,1000
103464,1035,1000
85262,1016,1000
59750,1174,1000
70477,1083,1000
135078,950,1000
134599,1023,1000
83072,1026,1000
135078,1084,1000
92254,1003,1000
77408,957,1000
89864,1228,1000
101069,977,1000
111607,1025,1000
127414,949,1000
160465,1075,1000
71896,1002,1000
206449,1099,1000
136994,844,1000
119750,965,1000
70004,1093,1000
119022,984,1000
124061,978,1000
96078,1101,1000
131725,1060,1000
126456,926,1000
233742,1137,1000
16590,1120,1000
120934,981,1000
119271,1040,1000
141966,915,1000
114481,929,1000
92926,959,1000
131725,1130,1000
109691,1089,1000
74889,1066,1000
119022,1122,1000
103726,1129,1000
122145,1057,1000
94166,983,1000
96078,976,1000
139389,1036,1000
79035,1234,1000
74724,961,1000
136036,1049,1000
78392,989,1000
102985,986,1000
134796,1065,1000
94842,920,1000
58316,909,1000
118313,1115,1000
82896,1031,1000
117834,954,1000
81909,937,1000
109940,811,1000
96758,908,1000
107775,1037,1000
86040,966,1000
80782,934,1000
91776,1120,1000
97237,1074,1000
114002,700,1000
98262,870,1000
114242,1105,1000
100590,927,1000
103248,1043,1000
20768,866,1000
108733,1015,1000
147532,996,1000
117834,1027,1000
126456,947,1000
113523,994,1000
139389,1027,1000
83544,996,1000
132204,1045,1000
125451,834,1000
208120,1066,1000
107775,971,1000
105859,951,1000
68585,1085,1000
101069,901,1000
82388,923,1000
134120,973,1000
108790,1169,1000
120708,974,1000
132683,1020,1000
92254,1059,1000
87178,992,1000
137952,885,1000
125977,979,1000
12792,863,1000
81430,986,1000
102506,980,1000
136036,916,1000
86699,945,1000
230878,1011,1000
86376,1059,1000
105160,817,1000
135078,768,1000
128372,1097,1000
118296,932,1000
90342,1220,1000
102985,1099,1000
86699,940,1000
95800,972,1000
135078,969,1000
131450,1067,1000
98400,951,1000
84783,1003,1000
130972,1052,1000
68912,1070,1000
135752,1063,1000
113764,991,1000
141966,996,1000
44850,943,1000
142742,1013,1000
117056,1116,1000
108733,967,1000
127414,1079,1000
72329,1034,1000
122145,949,1000
102027,980,1000
100111,944,1000
120229,999,1000
111128,1033,1000
85262,950,1000
133162,942,1000
133162,1104,1000
122624,1156,1000
91489,948,1000
72534,1032,1000
101336,1078,1000
104901,966,1000
118792,960,1000
82867,925,1000
95816,1530,1500
56522,1549,1500
61312,1533,1500
53169,1630,1500
69934,1250,1500
103464,1420,1500
54127,1609,1500
80951,1702,1500
54606,1471,1500
67539,1656,1500
65608,1364,1500
73766,1400,1500
51040,1511,1500
97512,1500,1500
53694,1482,1500
91776,1541,1500
69455,1485,1500
54606,1652,1500
98674,1549,1500
88136,1665,1500
89386,1568,1500
66102,1316,1500
54125,1518,1500
54127,1518,1500
74724,1496,1500
62205,1522,1500
104204,1522,1500
82388,1722,1500
84861,1584,1500
67968,1392,1500
103726,1500,1500
55085,1427,1500
91968,1560,1500
103726,1518,1500
82717,1454,1500
55564,1541,1500
52211,1537,1500
89573,1568,1500
54127,1580,1500
58438,1592,1500
92926,1674,1500
83346,1518,1500
94801,1408,1500
83172,1441,1500
103464,1575,1500
61965,1511,1500
90531,1493,1500
87178,1597,1500
63720,1489,1500
58032,1489,1500
68976,1652,1500
62270,1626,1500
108088,1389,1500
68018,1458,1500
75682,1697,1500
66581,1661,1500
92732,1588,1500
75203,1468,1500
69934,1485,1500
68976,1243,1500
73766,1489,1500
72663,1507,1500
64186,1670,1500
66885,1511,1500
56043,1630,1500
89208,1515,1500
89094,1626,1500
77598,1504,1500
86676,1560,1500
53169,1626,1500
55564,1584,1500
93884,1545,1500
34344,1326,1500
89094,1706,1500
59944,1367,1500
89094,1556,1500
92732,1560,1500
59346,1468,1500
92336,1530,1500
68497,1665,1500
67539,1451,1500
77598,1493,1500
59396,1560,1500
58438,1518,1500
73150,1613,1500
62514,1464,1500
62140,1404,1500
89680,1725,1500
53110,1489,1500
107616,1406,1500
94644,1588,1500
58438,1770,1500
101814,1526,1500
90531,1475,1500
84175,1630,1500
83072,1370,1500
85084,1493,1500
80541,1374,1500
89579,1411,1500
103726,1535,1500
58338,1556,1500
52325,1537,1500
111860,1367,1500
105380,1358,1500
78077,1601,1500
74724,1341,1500
81909,1622,1500
58917,1560,1500
95410,1511,1500
78585,1541,1500
69788,1404,1500
74724,1556,1500
95321,1530,1500
87952,1475,1500
84783,1702,1500
138620,1419,1500
69934,1214,1500
104810,1437,1500
107775,1473,1500
79993,1643,1500
93688,1480,1500
53169,1556,1500
68976,1408,1500
99153,1500,1500
54606,1458,1500
79473,1558,1500
89386,1485,1500
69455,1274,1500
96758,1485,1500
102985,1472,1500
59875,1421,1500
63707,1522,1500
91298,1661,1500
84907,1557,1500
71371,1475,1500
57164,1507,1500
71896,1350,1500
69934,1609,1500
50576,1514,1500
72808,1511,1500
95513,1566,1500
78077,1533,1500
53169,1634,1500
86220,1679,1500
53169,1656,1500
60354,1553,1500
74245,1413,1500
81430,1586,1500
113044,1290,1500
4644,1282,1500
71850,1485,1500
69934,1706,1500
68018,1656,1500
93884,1706,1500
103464,1362,1500
68018,1661,1500
85741,1489,1500
90052,1500,1500
71850,1530,1500
71850,1647,1500
86830,1549,1500
57959,1588,1500
98674,1507,1500
89010,1507,1500
84960,1504,1500
59875,1441,1500
69455,1284,1500
88136,1626,1500
65623,1515,1500
68976,1402,1500
72450,1527,1500
86699,1594,1500
49337,1639,1500
91489,1630,1500
71850,1533,1500
83825,1643,1500
74245,1500,1500
83825,1592,1500
91968,1711,1500
66102,1386,1500
91489,1560,1500
67496,1398,1500
49816,1613,1500
105033,1360,1500
66374,1539,1500
83700,1556,1500
64517,1544,1500
52690,1584,1500
87400,1544,1500
55085,1444,1500
92926,1493,1500
64665,1511,1500
89870,1451,1500
97060,1472,1500
70892,1630,1500
85562,1374,1500
73287,1478,1500
70328,1358,1500
87657,1745,1500
64186,1504,1500
91968,1556,1500
56522,1721,1500
65144,1530,1500
109691,1511,1500
52211,1674,1500
104422,1515,1500
114960,1740,1500
68976,1652,1500
64665,1487,1500
105638,1358,1500
52211,1584,1500
53169,1533,1500
57959,1556,1500
74261,1392,1500
64801,1326,1500
85262,1630,1500
91298,1622,1500
88615,1485,1500
114481,1352,1500
108733,1297,1500
99360,1332,1500
69455,1639,1500
69455,1235,1500
83172,1656,1500
100224,1441,1500
72329,1518,1500
58917,1652,1500
70892,1706,1500
73287,1711,1500
68497,1613,1500
97512,1509,1500
104422,1471,1500
77914,1297,1500
93210,1568,1500
97136,1434,1500
53169,1545,1500
52440,1541,1500
82425,1392,1500
56043,1652,1500
67539,1250,1500
86220,1597,1500
56290,1530,1500
54606,1661,1500
108339,1395,1500
51363,1494,1500
70512,1605,1500
101814,1355,1500
61791,1647,1500
54127,1609,1500
97232,1401,1500
64665,1697,1500
68976,1444,1500
98468,1485,1500
86680,1540,1500
96078,1475,1500
78556,1656,1500
68018,1743,1500
52211,1626,1500
111153,1353,1500
51732,1630,1500
73776,1478,1500
70892,1597,1500
94644,1537,1500
75203,1683,1500
55564,1697,1500
115918,1560,1500
85056,1527,1500
105975,1447,1500
112330,1315,1500
56522,1609,1500
86304,1592,1500
98674,1526,1500
80951,1721,1500
58794,1417,1500
59875,1541,1500
87178,1601,1500
87178,1601,1500
55250,1517,1500
60354,1555,1500
85084,1456,1500
81430,1592,1500
53012,1518,1500
81430,1537,1500
72808,1493,1500
86193,1522,1500
94644,1491,1500
115198,1234,1500
105380,1553,1500
76640,1643,1500
56043,1605,1500
74400,1489,1500
78077,1515,1500
79514,1549,1500
75203,1674,1500
88908,1549,1500
68976,1207,1500
95344,1421,1500
57959,1537,1500
98115,1433,1500
86040,1250,1500
115918,1372,1500
57480,1572,1500
68497,1243,1500
68400,1504,1500
70413,1489,1500
67680,1383,1500
67968,1389,1500
52521,1499,1500
52211,1630,1500
80304,1451,1500
80618,1471,1500
73766,1475,1500
47850,1495,1500
67968,1392,1500
60888,1377,1500
73287,1478,1500
103896,1426,1500
52211,1634,1500
72808,1489,1500
56522,1425,1500
73287,1537,1500
139389,1725,1500
72808,1522,1500
97512,1496,1500
74245,1617,1500
97760,1421,1500
72808,1522,1500
76626,1358,1500
71371,1545,1500
99424,1496,1500
91489,1597,1500
57480,1391,1500
68391,1464,1500
53169,1634,1500
89573,1576,1500
96492,1560,1500
115439,1792,1500
68018,1652,1500
89386,1584,1500
68018,1626,1500
85262,1496,1500
57001,1537,1500
89573,1549,1500
50600,1468,1500
60354,1515,1500
96279,1493,1500
69455,1401,1500
69768,1545,1500
89094,1622,1500
77598,1415,1500
82388,1500,1500
88136,1643,1500
78870,1368,1500
64186,1522,1500
86699,1597,1500
63700,1526,1500
108100,1444,1500
101336,1507,1500
63720,1408,1500
62749,1537,1500
87657,1688,1500
65136,1441,1500
109980,1438,1500
97716,1530,1500
57959,1458,1500
81909,1549,1500
91489,1580,1500
57001,1533,1500
94363,1489,1500
70413,1622,1500
79035,1564,1500
93884,1592,1500
90792,1408,1500
74724,1485,1500
59875,1541,1500
61791,1661,1500
67760,1450,1500
75978,1511,1500
93884,1580,1500
86664,1549,1500
51528,1530,1500
83825,1665,1500
50661,1510,1500
82867,1468,1500
99632,1647,1500
106338,1612,1500
74165,1588,1500
69905,1601,1500
90016,1539,1500
79993,1560,1500
51732,1652,1500
91489,1580,1500
69934,1560,1500
82082,1643,1500
107296,1389,1500
50858,1498,1500
111607,1293,1500
58438,1388,1500
69455,1447,1500
68850,1541,1500
60759,1485,1500
91298,1464,1500
56522,1617,1500
91298,1664,1500
69455,1464,1500
54127,1639,1500
62749,1670,1500
126456,1588,1500
66581,1630,1500
80951,1565,1500
74245,1556,1500
72369,1485,1500
60759,1374,1500
54127,1478,1500
56043,1670,1500
69455,1397,1500
68976,1316,1500
55428,1499,1500
87657,1617,1500
65623,1434,1500
61791,1377,1500
59875,1609,1500
57706,1364,1500
70892,1530,1500
45990,1592,1500
65052,1392,1500
75682,1706,1500
85262,1597,1500
100276,1478,1500
91489,1665,1500
79035,1482,1500
72688,1427,1500
74290,1548,1500
72808,1580,1500
69455,1647,1500
53118,1545,1500
96078,1711,1500
90684,1478,1500
85084,1526,1500
97911,1454,1500
68976,1665,1500
73287,1613,1500
57150,1522,1500
73287,1489,1500
82694,1597,1500
55085,1549,1500
68976,1661,1500
79514,1725,1500
88615,1560,1500
75856,1549,1500
97704,1437,1500
74724,1504,1500
57001,1460,1500
74340,1543,1500
105638,1498,1500
96758,1549,1500
101548,1515,1500
79390,1493,1500
56043,1580,1500
68497,1489,1500
56522,1511,1500
80304,1634,1500
69455,1661,1500
80951,1661,1500
66102,1613,1500
60354,1526,1500
88615,1760,1500
91298,1574,1500
54127,1630,1500
87657,1735,1500
78077,1647,1500
60833,1500,1500
71371,1553,1500
71504,1440,1500
67539,1661,1500
56043,1639,1500
64186,1634,1500
90517,1560,1500
103248,1505,1500
87636,1549,1500
79234,1533,1500
83172,1507,1500
104754,1405,1500
72329,1597,1500
97237,1520,1500
68497,1464,1500
66612,1528,1500
96279,1538,1500
77119,1639,1500
56043,1665,1500
96279,1601,1500
54145,1556,1500
88136,1730,1500
57959,1383,1500
56991,1496,1500
62776,1358,1500
61791,1597,1500
74094,1515,1500
52440,1522,1500
68497,1626,1500
53648,1622,1500
78925,1634,1500
91298,1493,1500
67932,1634,1500
67620,1475,1500
55599,1500,1500
67539,1496,1500
51641,1537,1500
90052,1622,1500
94363,1537,1500
84194,1421,1500
51632,1511,1500
87978,1458,1500
63342,1533,1500
96758,1533,1500
63707,1706,1500
56250,1572,1500
89094,1541,1500
145137,1730,1500
72178,1422,1500
113523,1593,1500
54127,1537,1500
67539,1500,1500
110170,1414,1500
90531,1518,1500
55085,1656,1500
59396,1556,1500
75205,1540,1500
54502,1560,1500
91968,1665,1500
52690,1537,1500
95816,1411,1500
57959,1553,1500
98946,1364,1500
74534,1549,1500
62270,1504,1500
70413,1423,1500
58917,1634,1500
100590,1518,1500
68497,1426,1500
99424,1475,1500
45990,1485,1500
57456,1518,1500
98946,1493,1500
59875,1556,1500
67060,1489,1500
83435,1580,1500
77119,1553,1500
76161,1745,1500
88615,1630,1500
83172,1504,1500
76640,1617,1500
65964,1626,1500
99275,1403,1500
83984,1580,1500
91968,1656,1500
57001,1630,1500
78077,1576,1500
71371,1454,1500
104312,1451,1500
68018,1609,1500
68018,1670,1500
79993,1597,1500
67060,1643,1500
70413,1507,1500
88136,1750,1500
50774,1626,1500
63707,1556,1500
87178,1760,1500
56043,1414,1500
125019,1436,1500
58917,1553,1500
92447,1580,1500
105256,1427,1500
79388,1468,1500
79993,1496,1500
68497,1447,1500
64186,1556,1500
54436,1541,1500
114960,1267,1500
54127,1622,1500
57480,1418,1500
86699,1553,1500
58225,1499,1500
86456,1535,1500
69934,1592,1500
54127,1592,1500
93688,1386,1500
53169,1683,1500
57001,1554,1500
53694,1485,1500
75143,1496,1500
65144,1541,1500
75203,1447,1500
71850,1485,1500
92600,1560,1500
60112,1605,1500
93884,1568,1500
66102,1639,1500
99330,1427,1500
95321,1461,1500
75116,1577,1500
71850,1471,1500
94842,1471,1500
105768,1438,1500
52416,1489,1500
69455,1335,1500
91010,1613,1500
88136,1740,1500
51253,1622,1500
92512,1444,1500
67060,1647,1500
70512,1560,1500
55564,1553,1500
68497,1622,1500
67060,1572,1500
60833,1526,1500
67060,1364,1500
82867,1414,1500
54165,1496,1500
101548,1556,1500
91096,1496,1500
95800,1605,1500
63568,1475,1500
66220,1392,1500
115676,1600,1500
84016,1414,1500
78090,1613,1500
114960,1504,1500
60840,1507,1500
52690,1564,1500
94334,1264,1500
53648,1626,1500
56043,1580,1500
82216,1485,1500
59396,1556,1500
68497,1468,1500
99632,1288,1500
72329,1485,1500
50064,1556,1500
92732,1566,1500
83082,1507,1500
61791,1692,1500
67620,1478,1500
76640,1511,1500
55085,1643,1500
68018,1656,1500
90624,1504,1500
71850,1634,1500
68976,1282,1500
52164,1363,1500
90052,1688,1500
87657,1568,1500
64665,1549,1500
53572,1553,1500
101814,1674,1500
62749,1507,1500
51060,1493,1500
64665,1553,1500
87210,1584,1500
74724,1530,1500
92447,1750,1500
82867,1500,1500
68976,1526,1500
89094,1588,1500
63450,1522,1500
101336,1497,1500
92926,1592,1500
68376,1427,1500
63048,1530,1500
71371,1526,1500
63707,1697,1500
103332,1411,1500
58750,1405,1500
73766,1592,1500
79514,1537,1500
68018,1496,1500
67060,1688,1500
58917,1390,1500
90052,1711,1500
55085,1417,1500
107296,1511,1500
86699,1592,1500
114002,1450,1500
82584,1546,1500
105380,1386,1500
68018,1475,1500
72808,1665,1500
91489,1482,1500
68497,1665,1500
75203,1541,1500
102985,1647,1500
53169,1626,1500
88624,1482,1500
69455,1266,1500
64665,1670,1500
98946,1522,1500
66102,1634,1500
71910,1392,1500
98946,1485,1500
57948,1503,1500
88136,1556,1500
78556,1652,1500
75852,1702,1500
67539,1560,1500
84304,1780,1500
69455,1647,1500
71896,1482,1500
98195,1553,1500
57001,1568,1500
60354,1605,1500
108100,1395,1500
84783,1609,1500
81909,1475,1500
60354,1601,1500
85741,1597,1500
64186,1711,1500
68976,1410,1500
57480,1394,1500
52690,1564,1500
66120,1478,1500
68497,1674,1500
63228,1478,1500
91489,1553,1500
57480,1647,1500
89280,1592,1500
71371,1504,1500
112574,1485,1500
70413,1643,1500
79035,1537,1500
88548,1530,1500
93884,1221,1500
105228,1371,1500
12363,1303,1500
105859,1373,1500
81900,1553,1500
60354,1576,1500
78556,1496,1500
96202,1475,1500
61312,1661,1500
69934,1458,1500
103248,1429,1500
103896,1433,1500
61312,1674,1500
71371,1688,1500
80951,1458,1500
112086,1442,1500
82388,1721,1500
69934,1661,1500
87178,1652,1500
87429,1639,1500
62304,1398,1500
56120,1478,1500
64186,1550,1500
57959,1405,1500
48505,1480,1500
94000,1431,1500
99120,1478,1500
77598,1674,1500
59396,1461,1500
53721,1497,1500
56043,1564,1500
104682,1506,1500
90531,1639,1500
97716,1504,1500
64824,1605,1500
69455,1441,1500
25856,1310,1500
50727,1511,1500
95600,1548,1500
90531,1410,1500
51296,2024,2000
63342,1900,2000
49350,1801,2000
70004,1906,2000
73935,1954,2000
57023,2044,2000
57441,1860,2000
58212,1900,2000
42966,1860,2000
60075,1948,2000
55473,2065,2000
78991,1894,2000
45500,1918,2000
53449,1877,2000
42408,1948,2000
55200,1942,2000
50064,1954,2000
44946,1924,2000
51632,1889,2000
56375,2018,2000
53245,1900,2000
45652,2031,2000
51408,1900,2000
52614,1912,2000
51666,1930,2000
67488,2011,2000
70950,1918,2000
67944,2114,2000
69336,1936,2000
48880,1811,2000
60918,1906,2000
51852,1936,2000
74261,1918,2000
47124,1924,2000
61360,1924,2000
80784,1883,2000
46300,1889,2000
45753,1985,2000
46550,1801,2000
57960,1954,2000
68320,2038,2000
63104,1960,2000
70290,1924,2000
65100,1930,2000
44847,1912,2000
51084,1906,2000
55107,1894,2000
49648,1900,2000
58499,1918,2000
66740,1942,2000
46400,1833,2000
57625,1954,2000
61776,1918,2000
48492,2044,2000
50397,1900,2000
79158,1877,2000
59796,2038,2000
76776,2005,2000
73140,1954,2000
50600,1912,2000
76950,1838,2000
43035,1973,2000
47880,1936,2000
71592,1948,2000
68912,1894,2000
73470,1844,2000
39044,1930,2000
50624,1998,2000
58212,1918,2000
58890,2100,2000
67466,1973,2000
55800,1942,2000
65376,1985,2000
51272,1930,2000
60192,2093,2000
67914,1979,2000
61238,1855,2000
60116,2174,2000
58370,1998,2000
46662,1912,2000
61686,2044,2000
51906,1930,2000
39512,2065,2000
59220,1894,2000
50140,1883,2000
51192,1936,2000
69450,1985,2000
124608,1811,2000
43035,2018,2000
56515,1954,2000
57960,1948,2000
50328,1894,2000
50220,1894,2000
47401,2031,2000
43008,2086,2000
39063,2058,2000
60207,1918,2000
58000,1900,2000
56125,2018,2000
46763,1912,2000
38528,2038,2000
68376,1979,2000
60348,1912,2000
73738,1948,2000
39512,2058,2000
69136,1979,2000
150887,2093,2000
67306,1924,2000
48195,1930,2000
56375,2024,2000
45936,1889,2000
71451,1954,2000
45276,1894,2000
48951,2044,2000
46398,2079,2000
71749,1960,2000
59094,1912,2000
56700,1998,2000
57708,1954,2000
53692,1936,2000
72698,1948,2000
59664,1918,2000
55216,1889,2000
69762,1979,2000
72996,1954,2000
51296,1912,2000
41400,2051,2000
48510,1906,2000
45493,1912,2000
62640,1912,2000
59075,1912,2000
46763,1936,2000
48492,2086,2000
71760,1960,2000
38976,2044,2000
60348,1906,2000
57706,1930,2000
48776,1900,2000
47483,1912,2000
64680,1894,2000
80580,1900,2000
47689,1918,2000
58760,2107,2000
62348,1912,2000
46452,1806,2000
42315,1979,2000
54621,1992,2000
68093,1948,2000
48832,2031,2000
48654,1833,2000
55811,1889,2000
70679,1930,2000
60691,1967,2000
50050,1889,2000
63992,2011,2000
56826,2011,2000
66138,2086,2000
49140,1889,2000
51666,1906,2000
71604,1960,2000
67032,2114,2000
51448,1918,2000
62042,1936,2000
45738,1894,2000
71732,1967,2000
63190,1967,2000
67452,1912,2000
78210,1906,2000
46662,1906,2000
47174,1900,2000
51852,2093,2000
62376,2174,2000
38052,2024,2000
60306,1924,2000
50727,2024,2000
73005,1936,2000
39846,1918,2000
56896,2011,2000
50285,2072,2000
55578,1855,2000
44492,1924,2000
57921,2011,2000
68328,1860,2000
56125,2044,2000
53336,2044,2000
73944,1806,2000
68440,1827,2000
61490,1998,2000
72072,1883,2000
58953,2136,2000
47071,1912,2000
66868,1992,2000
70807,2086,2000
46359,1894,2000
72663,1948,2000
65142,1918,2000
66430,2121,2000
65888,1973,2000
68355,1967,2000
67800,2086,2000
55800,2065,2000
58953,1992,2000
61230,1906,2000
45100,1936,2000
64680,1948,2000
55998,1936,2000
51084,1942,2000
60075,2093,2000
46233,1860,2000
52093,1918,2000
80580,1889,2000
55696,1871,2000
60075,2121,2000
73162,1900,2000
48442,1924,2000
121989,1801,2000
71455,2018,2000
48230,1900,2000
42206,2038,2000
56457,1894,2000
60852,1948,2000
73872,1960,2000
50358,1877,2000
71231,1912,2000
44544,1855,2000
59214,1912,2000
54383,1973,2000
27360,2114,2000
72372,2151,2000
65808,1833,2000
50467,1889,2000
49327,1906,2000
64493,2031,2000
41860,1979,2000
39498,1912,2000
47689,1912,2000
74080,1936,2000
88620,2107,2000
71115,1924,2000
69008,1967,2000
55428,1942,2000
78370,1912,2000
63240,1973,2000
69440,2079,2000
66120,2005,2000
61238,2018,2000
54312,2079,2000
45600,2018,2000
74261,1889,2000
44786,1912,2000
48972,1936,2000
48615,1833,2000
38505,1985,2000
66220,1985,2000
45854,1930,2000
52140,1942,2000
71456,1967,2000
41850,2058,2000
69136,1967,2000
47174,1979,2000
46763,1918,2000
44460,1833,2000
53475,1979,2000
45472,1906,2000
38250,2044,2000
57150,2005,2000
48405,1894,2000
60918,1906,2000
58500,1912,2000
73470,2018,2000
67767,1998,2000
58179,1942,2000
44451,2079,2000
61313,1960,2000
42036,2038,2000
38614,1936,2000
42655,2072,2000
66297,2107,2000
57584,1918,2000
51646,2011,2000
65116,2086,2000
60384,1985,2000
62496,1912,2000
37716,2051,2000
63940,1906,2000
66672,1924,2000
67179,1992,2000
39688,2005,2000
70215,2086,2000
71300,1967,2000
55676,2024,2000
44982,1894,2000
56134,2079,2000
49926,1833,2000
45652,2038,2000
49220,1918,2000
43941,2031,2000
48360,1900,2000
44002,2044,2000
59924,1906,2000
70152,1889,2000
57096,1871,2000
64308,1948,2000
49560,1889,2000
70533,1960,2000
71394,2189,2000
53788,2038,2000
37800,2051,2000
62491,1924,2000
62061,2158,2000
73476,1924,2000
45656,2086,2000
69003,2121,2000
67639,1883,2000
66220,1877,2000
45900,1906,2000
63840,2093,2000
68208,1992,2000
66861,2093,2000
62040,1889,2000
50112,1912,2000
45441,1894,2000
55224,1960,2000
67166,1827,2000
56287,1924,2000
49932,2038,2000
55800,2031,2000
65886,1900,2000
66120,2129,2000
65142,1924,2000
40770,2031,2000
42129,1998,2000
56500,2065,2000
39694,2024,2000
68987,1967,2000
57195,1912,2000
52982,2086,2000
67179,1924,2000
64656,2072,2000
67210,1924,2000
39498,2005,2000
67200,2086,2000
70686,1877,2000
51415,1936,2000
58760,2143,2000
57810,1930,2000
52440,2031,2000
69204,1838,2000
45374,1906,2000
59670,1918,2000
54044,1900,2000
49940,1912,2000
41943,2065,2000
59925,1912,2000
63420,2151,2000
66066,1918,2000
53245,1918,2000
61486,1918,2000
47586,1930,2000
67800,1912,2000
40404,2058,2000
59360,1906,2000
68400,2107,2000
44394,1992,2000
67326,2018,2000
71145,2072,2000
46000,1877,2000
40940,1973,2000
69483,1912,2000
61116,1960,2000
45360,2044,2000
59500,1906,2000
62300,1948,2000
39324,1948,2000
43605,1979,2000
49220,1918,2000
50960,1936,2000
45342,1918,2000
67248,1883,2000
57856,1954,2000
46258,1906,2000
56265,1924,2000
66284,2079,2000
60914,1883,2000
77088,2079,2000
48720,1930,2000
56700,2011,2000
57706,1936,2000
39411,1985,2000
50004,1924,2000
89042,2129,2000
48090,1924,2000
68250,2051,2000
50838,1967,2000
65408,2038,2000
70620,1918,2000
61272,1942,2000
41492,2031,2000
63873,2100,2000
63732,2100,2000
51666,1918,2000
57344,2011,2000
62832,1889,2000
48984,1855,2000
44590,2038,2000
47806,1936,2000
48230,1906,2000
56574,2031,2000
51072,2018,2000
45800,1900,2000
49356,1954,2000
53808,1930,2000
115395,2158,2000
47380,1918,2000
53937,1942,2000
77989,1960,2000
61200,1900,2000
59214,1906,2000
70468,2136,2000
52440,2031,2000
52982,2058,2000
44544,1849,2000
47740,1992,2000
65142,1930,2000
55811,1954,2000
55811,1906,2000
68502,1985,2000
58968,1948,2000
44982,1889,2000
44492,2011,2000
46300,1894,2000
64800,1942,2000
64527,1918,2000
70650,1912,2000
45854,1906,2000
49896,1838,2000
50949,1912,2000
54120,2058,2000
47936,2005,2000
69136,1979,2000
72048,1900,2000
47277,1930,2000
43488,2024,2000
70030,1960,2000
70215,1960,2000
51192,1900,2000
49820,1912,2000
46460,1877,2000
59212,2065,2000
55552,2051,2000
52864,1866,2000
54656,1930,2000
68376,1979,2000
59856,1930,2000
73150,1900,2000
63020,1954,2000
67308,1936,2000
48287,2072,2000
83721,1889,2000
65888,1954,2000
45990,1906,2000
64184,2100,2000
45854,1912,2000
65232,2136,2000
66901,1954,2000
65923,1912,2000
71610,1979,2000
62472,2044,2000
67784,1985,2000
63732,2166,2000
45080,1883,2000
49506,1992,2000
59500,1906,2000
59930,1936,2000
42582,1954,2000
52098,1942,2000
68689,1973,2000
77572,1906,2000
70028,1924,2000
50140,1900,2000
67744,1924,2000
58750,1900,2000
57344,1906,2000
49796,1930,2000
60450,1894,2000
55227,1992,2000
63376,1924,2000
50076,1906,2000
45045,1918,2000
89440,2129,2000
65142,1912,2000
50398,2011,2000
63474,1889,2000
47586,1936,2000
52200,2038,2000
45349,2044,2000
67452,2093,2000
37632,2038,2000
118250,1906,2000
42315,1998,2000
75207,1906,2000
50456,2018,2000
40500,2011,2000
56307,2065,2000
70533,1954,2000
48364,1936,2000
45374,1889,2000
67179,2005,2000
66576,1860,2000
70152,1906,2000
41040,2005,2000
72072,1954,2000
66924,1918,2000
69678,1866,2000
57233,1900,2000
60116,1912,2000
47912,2038,2000
54120,1960,2000
69616,1992,2000
68672,1967,2000
41132,2031,2000
49159,1973,2000
77736,1900,2000
38590,1967,2000
70992,1992,2000
75795,1942,2000
55902,1954,2000
79120,1912,2000
38590,1930,2000
54366,2065,2000
47586,1900,2000
44600,1954,2000
64357,1900,2000
47689,1924,2000
53244,1918,2000
51415,1894,2000
56400,1942,2000
53245,1918,2000
44884,1948,2000
52093,1883,2000
60075,1948,2000
60465,1918,2000
58658,1918,2000
44448,1833,2000
43008,2018,2000
47145,2011,2000
65746,1900,2000
42688,1827,2000
73676,2121,2000
29109,2174,2000
38165,2044,2000
55596,2005,2000
56640,1973,2000
58179,1912,2000
41850,1942,2000
70994,1960,2000
82544,1894,2000
56580,1948,2000
62775,1954,2000
66430,2058,2000
44135,1924,2000
81829,1918,2000
56048,2038,2000
69464,1973,2000
45738,1900,2000
48816,1918,2000
43296,2051,2000
37800,1998,2000
38590,2051,2000
56320,1992,2000
39044,1998,2000
39498,1948,2000
57584,1936,2000
40860,2018,2000
61570,1936,2000
70984,1936,2000
67200,2151,2000
59214,1906,2000
49541,1918,2000
49504,1992,2000
68987,1979,2000
69434,1985,2000
63344,1912,2000
61908,1930,2000
49728,2086,2000
69678,1883,2000
45105,1844,2000
60784,2011,2000
48195,1924,2000
64116,2038,2000
69560,1992,2000
51756,1985,2000
67473,1900,2000
64493,2044,2000
60207,2093,2000
71592,1948,2000
64260,2044,2000
58890,2121,2000
47586,1942,2000
45200,1936,2000
50031,1900,2000
74734,1912,2000
44270,1889,2000
51084,1889,2000
38193,2051,2000
52503,1967,2000
41943,2065,2000
62271,2065,2000
68856,1967,2000
66528,2065,2000
39864,2011,2000
71890,1948,2000
56250,2038,2000
69762,1906,2000
57784,1833,2000
52326,1918,2000
53475,1900,2000
39063,2031,2000
60348,1906,2000
70755,1948,2000
63842,1948,2000
60030,1930,2000
70290,1924,2000
57685,2044,2000
63560,2181,2000
47226,1918,2000
52392,1942,2000
73788,1889,2000
43522,1883,2000
49455,1900,2000
48256,1900,2000
68112,1866,2000
69174,1942,2000
69136,1979,2000
57344,2051,2000
47124,1948,2000
46400,1860,2000
47025,1827,2000
50059,2051,2000
49220,1942,2000
51405,2024,2000
49714,1930,2000
44055,2072,2000
69678,1871,2000
61965,2005,2000
59928,2086,2000
58125,1912,2000
41216,2051,2000
58179,1877,2000
63801,1992,2000
50380,1979,2000
48442,1930,2000
64218,1906,2000
60965,1973,2000
62640,1967,2000
67067,1948,2000
63921,1906,2000
61239,2086,2000
64801,1924,2000
74418,1906,2000
62609,1860,2000
72345,1936,2000
45492,1912,2000
38505,1924,2000
48760,1889,2000
50727,1942,2000
72640,1954,2000
57546,1912,2000
70200,2093,2000
47594,2058,2000
46662,1889,2000
43890,1936,2000
59584,2024,2000
59212,2100,2000
73312,1960,2000
57472,1906,2000
68211,1918,2000
76095,2024,2000
67932,1992,2000
56826,2011,2000
51282,1948,2000
59280,1973,2000
61372,2005,2000
40230,2065,2000
69520,1942,2000
48880,1849,2000
48825,1906,2000
64964,1912,2000
58437,2051,2000
48048,1942,2000
77572,1912,2000
70819,1806,2000
58098,1900,2000
62472,2011,2000
58688,2058,2000
39585,2024,2000
80181,1930,2000
78045,1912,2000
64680,1900,2000
57921,2051,2000
61776,1912,2000
46100,1906,2000
59220,1930,2000
48590,2024,2000
127170,1838,2000
57407,1900,2000
52746,1900,2000
71145,1942,2000
61180,1918,2000
48825,1900,2000
65178,2018,2000
52206,1936,2000
64224,1948,2000
64400,1900,2000
67925,1811,2000
70686,1973,2000
47380,1866,2000
62472,2024,2000
63382,1954,2000
66456,1992,2000
55375,2107,2000
44352,1806,2000
69394,1954,2000
66738,2107,2000
49820,1860,2000
51666,1912,2000
58688,2121,2000
47672,1844,2000
40586,2024,2000
48950,2011,2000
57330,1912,2000
47226,1942,2000
68228,2005,2000
46100,1948,2000
52884,2011,2000
68112,1894,2000
51408,1918,2000
47145,1906,2000
70227,1954,2000
67326,1992,2000
45024,1900,2000
44038,2051,2000
66845,2024,2000
66708,1918,2000
71142,1936,2000
72960,1954,2000
58695,1973,2000
79632,1906,2000
64636,2093,2000
68558,2079,2000
38250,2011,2000
41100,2508,2500
45714,2439,2500
37694,2528,2500
37765,2383,2500
33538,2468,2500
49920,2468,2500
47880,2311,2500
51045,2478,2500
32469,2410,2500
39770,2448,2500
33449,2468,2500
34510,2468,2500
38208,2373,2500
36045,2488,2500
34272,2458,2500
54758,2420,2500
40804,2429,2500
35360,2373,2500
49920,2448,2500
49898,2518,2500
39091,2581,2500
40500,2647,2500
47268,2659,2500
48762,2518,2500
38088,2401,2500
34362,2392,2500
49875,2549,2500
52007,2518,2500
48262,2659,2500
52800,2549,2500
33784,2392,2500
34440,2420,2500
54758,2401,2500
51500,2373,2500
52269,2560,2500
42315,2478,2500
48262,2603,2500
33768,2508,2500
34104,2448,2500
40598,2614,2500
50125,2488,2500
47760,2659,2500
34113,2458,2500
33046,2518,2500
32214,2383,2500
37352,2392,2500
44550,2670,2500
38688,2508,2500
42436,2488,2500
40700,2570,2500
48530,2392,2500
38454,2498,2500
48678,2429,2500
37583,2401,2500
52416,2429,2500
41093,2592,2500
53328,2581,2500
52290,2458,2500
43200,2488,2500
46010,2468,2500
36168,2392,2500
49532,2439,2500
55151,2458,2500
35126,2539,2500
47908,2539,2500
46854,2401,2500
35148,2468,2500
43792,2448,2500
42900,2508,2500
52269,2636,2500
41496,2448,2500
38300,2581,2500
47970,2518,2500
36984,2383,2500
36660,2478,2500
44660,2498,2500
48360,2592,2500
48262,2592,2500
49692,2603,2500
37765,2429,2500
49920,2458,2500
33012,2539,2500
48380,2625,2500
51816,2488,2500
37260,2468,2500
33948,2439,2500
34272,2539,2500
30800,2488,2500
49532,2647,2500
32967,2468,2500
52452,2383,2500
41106,2508,2500
51030,2488,2500
43632,2518,2500
50625,2636,2500
38900,2439,2500
49654,2581,2500
33948,2401,2500
46895,2329,2500
46864,2539,2500
39382,2592,2500
34692,2488,2500
51870,2581,2500
37080,2392,2500
41106,2647,2500
50344,2429,2500
46968,2458,2500
38130,2383,2500
36401,2458,2500
33024,2670,2500
46170,2636,2500
46000,2439,2500
45765,2659,2500
47702,2488,2500
53046,2401,2500
34188,2468,2500
46592,2488,2500
50280,2346,2500
46980,2659,2500
41000,2401,2500
47232,2659,2500
40596,2592,2500
48585,2603,2500
40400,2570,2500
41612,2581,2500
55044,2420,2500
33440,2401,2500
48678,2518,2500
48204,2560,2500
41225,2401,2500
47444,2508,2500
46928,2410,2500
37291,2364,2500
43466,2383,2500
48600,2488,2500
31758,2488,2500
41715,2498,2500
41496,2659,2500
32964,2458,2500
36309,2528,2500
45468,2383,2500
41300,2383,2500
52750,2401,2500
56232,2448,2500
38822,2401,2500
36312,2478,2500
38855,2570,2500
40032,2429,2500
44405,2420,2500
34112,2420,2500
47268,2693,2500
49623,2439,2500
55896,2603,2500
34744,2488,2500
51118,2401,2500
52000,2439,2500
118472,2528,2500
36045,2420,2500
45087,2420,2500
48236,2410,2500
54340,2410,2500
33456,2478,2500
52394,2659,2500
46920,2478,2500
53865,2539,2500
51291,2410,2500
35690,2410,2500
49680,2410,2500
52924,2614,2500
41650,2355,2500
35728,2448,2500
50570,2448,2500
34030,2448,2500
43264,2439,2500
47880,2570,2500
54937,2614,2500
44330,2478,2500
48642,2539,2500
35689,2488,2500
54349,2682,2500
40082,2528,2500
34279,2392,2500
33936,2488,2500
35518,2383,2500
38112,2603,2500
46256,2498,2500
69546,2592,2500
46575,2488,2500
40300,2468,2500
52080,2410,2500
35815,2670,2500
54810,2439,2500
40200,2508,2500
45360,2682,2500
46400,2682,2500
39788,2468,2500
44732,2392,2500
46886,2682,2500
40788,2346,2500
38976,2560,2500
39382,2468,2500
41085,2439,2500
44928,2693,2500
38994,2478,2500
34279,2410,2500
51183,2346,2500
51660,2420,2500
51606,2468,2500
48321,2488,2500
38409,2498,2500
45320,2518,2500
44202,2420,2500
43368,2439,2500
46566,2429,2500
48262,2458,2500
34692,2401,2500
50568,2468,2500
52204,2420,2500
33582,2659,2500
40456,2458,2500
35432,2401,2500
42174,2401,2500
47424,2458,2500
33915,2468,2500
40180,2448,2500
40700,2581,2500
54806,2528,2500
42738,2410,2500
38760,2549,2500
47035,2518,2500
36490,2448,2500
38190,2518,2500
51987,2478,2500
35518,2392,2500
47328,2549,2500
51000,2498,2500
39330,2478,2500
49442,2346,2500
51435,2401,2500
43776,2636,2500
52007,2693,2500
47096,2682,2500
34314,2508,2500
49126,2458,2500
33129,2478,2500
33534,2392,2500
43228,2592,2500
51000,2592,2500
39618,2401,2500
51584,2468,2500
40376,2448,2500
53064,2581,2500
34776,2392,2500
44304,2478,2500
52625,2401,2500
49266,2458,2500
40800,2478,2500
46604,2549,2500
48909,2392,2500
41509,2625,2500
44145,2439,2500
46065,2401,2500
47151,2636,2500
48070,2346,2500
39198,2439,2500
48314,2647,2500
52416,2468,2500
53430,2373,2500
49352,2498,2500
39285,2439,2500
33582,2670,2500
45714,2693,2500
39072,2401,2500
34085,2478,2500
35322,2468,2500
41718,2458,2500
32636,2560,2500
31758,2528,2500
34916,2478,2500
42600,2410,2500
33540,2625,2500
42630,2468,2500
48909,2528,2500
41915,2401,2500
42120,2581,2500
39690,2508,2500
42622,2373,2500
42016,2448,2500
53888,2392,2500
44844,2581,2500
51745,2539,2500
55044,2478,2500
45396,2458,2500
51480,2603,2500
54096,2364,2500
34595,2458,2500
40934,2401,2500
53888,2392,2500
54365,2468,2500
53298,2346,2500
38808,2581,2500
37674,2448,2500
50020,2478,2500
42837,2383,2500
49657,2468,2500
35088,2468,2500
45671,2373,2500
38994,2373,2500
55215,2439,2500
34680,2478,2500
38976,2570,2500
39204,2670,2500
32032,2410,2500
41410,2383,2500
37856,2346,2500
46585,2682,2500
34830,2478,2500
52096,2549,2500
32472,2518,2500
37733,2439,2500
48262,2560,2500
30675,2448,2500
40100,2429,2500
33128,2468,2500
51308,2659,2500
36846,2401,2500
38683,2636,2500
48556,2592,2500
49080,2508,2500
38180,2439,2500
47151,2647,2500
35518,2468,2500
44205,2373,2500
43549,2448,2500
46052,2603,2500
34113,2439,2500
50020,2429,2500
55215,2429,2500
52245,2570,2500
48144,2659,2500
41500,2549,2500
40788,2659,2500
34340,2488,2500
34452,2560,2500
38511,2439,2500
38688,2439,2500
46980,2659,2500
34445,2429,2500
47385,2682,2500
32058,2392,2500
39188,2488,2500
40144,2518,2500
42840,2383,2500
46800,2429,2500
42126,2439,2500
43995,2478,2500
44254,2478,2500
49980,2420,2500
47400,2647,2500
39996,2518,2500
38976,2570,2500
57720,2498,2500
38095,2539,2500
39690,2410,2500
43845,2693,2500
43036,2518,2500
46345,2670,2500
44730,2439,2500
51088,2392,2500
39270,2549,2500
42432,2401,2500
51783,2355,2500
40032,2448,2500
47385,2670,2500
41715,2518,2500
48671,2549,2500
36156,2478,2500
51483,2355,2500
35088,2439,2500
52224,2570,2500
37293,2488,2500
46443,2429,2500
43890,2346,2500
32136,2410,2500
50142,2429,2500
39390,2570,2500
37944,2458,2500
40293,2498,2500
51783,2392,2500
41100,2429,2500
36210,2311,2500
35640,2498,2500
35275,2373,2500
37293,2560,2500
40768,2458,2500
51906,2410,2500
44861,2670,2500
39693,2439,2500
41509,2682,2500
50456,2420,2500
44202,2410,2500
49184,2448,2500
40986,2410,2500
178794,2539,2500
40804,2478,2500
41921,2508,2500
40689,2401,2500
39520,2373,2500
41552,2346,2500
40248,2518,2500
47502,2570,2500
46509,2320,2500
39984,2448,2500
34279,2401,2500
38511,2439,2500
42907,2647,2500
38164,2458,2500
39995,2355,2500
43160,2392,2500
44690,2468,2500
51816,2410,2500
48384,2659,2500
33939,2373,2500
33210,2468,2500
45360,2570,2500
49861,2383,2500
41718,2439,2500
33948,2392,2500
37080,2364,2500
43335,2458,2500
45136,2410,2500
51291,2420,2500
35956,2468,2500
42840,2478,2500
50457,2439,2500
49938,2420,2500
48678,2614,2500
33048,2448,2500
41814,2346,2500
34744,2478,2500
44200,2468,2500
38916,2478,2500
39552,2392,2500
44220,2603,2500
47152,2329,2500
53467,2401,2500
36120,2364,2500
53856,2448,2500
52668,2346,2500
35518,2364,2500
37976,2581,2500
31724,2458,2500
42330,2448,2500
32868,2498,2500
39744,2383,2500
35956,2498,2500
39592,2448,2500
47328,2488,2500
33936,2468,2500
48204,2528,2500
45760,2392,2500
49973,2468,2500
41912,2448,2500
36668,2458,2500
34340,2439,2500
48671,2518,2500
113047,2518,2500
46895,2346,2500
37236,2303,2500
51625,2401,2500
52625,2373,2500
49518,2570,2500
35931,2410,2500
33374,2468,2500
47955,2373,2500
33620,2410,2500
47766,2320,2500
57120,2592,2500
41412,2592,2500
37479,2478,2500
34572,2478,2500
33698,2458,2500
56718,2468,2500
35190,2410,2500
38409,2429,2500
36279,2420,2500
48720,2647,2500
34255,2508,2500
36105,2508,2500
41685,2636,2500
35346,2383,2500
51240,2439,2500
35346,2383,2500
46690,2560,2500
40474,2429,2500
44312,2488,2500
32706,2383,2500
54272,2458,2500
52352,2508,2500
40500,2592,2500
37224,2508,2500
37350,2383,2500
33532,2448,2500
44110,2401,2500
40572,2392,2500
38000,2448,2500
30476,2468,2500
54810,2320,2500
49776,2636,2500
49368,2508,2500
41100,2448,2500
44733,2549,2500
36810,2439,2500
41600,2693,2500
43036,2636,2500
47444,2508,2500
37401,2401,2500
32643,2478,2500
43472,2458,2500
31590,2448,2500
45630,2498,2500
40703,2439,2500
47672,2693,2500
41400,2508,2500
36045,2549,2500
48025,2478,2500
33684,2478,2500
53213,2410,2500
35445,2410,2500
35530,2355,2500
44220,2682,2500
37583,2448,2500
47318,2581,2500
38112,2539,2500
47672,2693,2500
37440,2383,2500
43890,2448,2500
37024,2392,2500
40194,2488,2500
49861,2458,2500
35690,2410,2500
45765,2539,2500
52542,2410,2500
52668,2429,2500
36810,2448,2500
37080,2478,2500
51362,2392,2500
46968,2478,2500
33784,2488,2500
37628,2410,2500
33374,2488,2500
46968,2401,2500
38409,2429,2500
47560,2448,2500
36984,2458,2500
37620,2528,2500
37350,2448,2500
52029,2392,2500
39153,2420,2500
32400,2528,2500
38502,2448,2500
42728,2488,2500
41106,2528,2500
34692,2420,2500
37260,2383,2500
48636,2659,2500
35991,2508,2500
46767,2693,2500
39867,2429,2500
47151,2682,2500
34935,2383,2500
49920,2478,2500
46980,2647,2500
44844,2682,2500
51212,2458,2500
43279,2636,2500
51876,2570,2500
40685,2458,2500
51054,2603,2500
47957,2670,2500
51968,2659,2500
43700,2570,2500
40479,2508,2500
40934,2401,2500
39188,2488,2500
40800,2625,2500
51375,2439,2500
55348,2592,2500
45252,2355,2500
42105,2448,2500
37715,2592,2500
52864,2383,2500
44820,2488,2500
51750,2429,2500
47853,2592,2500
36491,2478,2500
38822,2355,2500
41808,2508,2500
33532,2498,2500
34362,2392,2500
53467,2410,2500
43890,2355,2500
40590,2429,2500
45878,2498,2500
46052,2659,2500
35035,2659,2500
50830,2439,2500
36401,2478,2500
51584,2410,2500
34000,2518,2500
41514,2682,2500
49147,2488,2500
42728,2448,2500
38456,2410,2500
34170,2549,2500
51435,2498,2500
45126,2468,2500
42420,2338,2500
43623,2478,2500
39045,2458,2500
50176,2468,2500
50820,2420,2500
45136,2659,2500
47150,2581,2500
46345,2429,2500
38967,2373,2500
45008,2670,2500
53196,2458,2500
43472,2383,2500
50020,2468,2500
53599,2539,2500
48720,2392,2500
35190,2420,2500
34362,2373,2500
46980,2581,2500
38916,2401,2500
51484,2458,2500
41796,2468,2500
43442,2670,2500
37380,2373,2500
43014,2592,2500
40400,2528,2500
46948,2560,2500
40905,2581,2500
43055,2448,2500
51858,2659,2500
37335,2647,2500
48262,2592,2500
38316,2364,2500
39600,2448,2500
47853,2614,2500
46345,2528,2500
42120,2478,2500
52500,2392,2500
46767,2625,2500
42228,2401,2500
39576,2429,2500
42020,2647,2500
44712,2448,2500
35690,2420,2500
52000,2488,2500
45360,2581,2500
46284,2478,2500
34170,2498,2500
48792,2346,2500
42082,2458,2500
54940,2592,2500
43848,2549,2500
42300,2498,2500
37904,2401,2500
36100,2549,2500
64350,2488,2500
36000,2478,2500
47268,2614,2500
36432,2383,2500
46101,2647,2500
33120,2392,2500
33532,2439,2500
51850,2439,2500
45312,2478,2500
53320,2429,2500
40170,2498,2500
45770,2693,2500
43927,2528,2500
49625,2670,2500
34680,2468,2500
41004,2592,2500
37720,2439,2500
48616,2420,2500
47672,2682,2500
47853,2647,2500
38880,2549,2500
40300,2448,2500
42952,2410,2500
36045,2439,2500
37080,2364,2500
47151,2693,2500
42210,2518,2500
43160,2401,2500
39330,2401,2500
33532,2508,2500
37904,2383,2500
43576,2410,2500
45475,2392,2500
34272,2458,2500
43505,2478,2500
36080,2410,2500
40800,2429,2500
39198,2448,2500
43146,2392,2500
46398,2508,2500
55413,2392,2500
39235,2392,2500
44464,2488,2500
36432,2383,2500
47702,2488,2500
32724,2498,2500
42105,2355,2500
31824,2468,2500
49560,2508,2500
44835,2458,2500
46512,2468,2500
46690,2528,2500
45248,2518,2500
41310,2468,2500
58936,2420,2500
44496,2420,2500
38164,2488,2500
35288,2488,2500
40392,2603,2500
34935,2420,2500
50750,2549,2500
36900,2401,2500
47196,2420,2500
52959,2448,2500
46230,2549,2500
53664,2401,2500
39984,2410,2500
41288,2439,2500
48158,2549,2500
53125,2383,2500
42612,2560,2500
45126,2478,2500
37350,2498,2500
49610,2647,2500
53200,2570,2500
47268,2549,2500
47385,2614,2500
32785,2410,2500
40392,2647,2500
35670,2364,2500
38121,2539,2500
36990,2410,2500
38688,2401,2500
41748,2420,2500
49000,2392,2500
45510,2458,2500
40590,2448,2500
35552,2392,2500
53170,2410,2500
37224,2410,2500
40700,2439,2500
49068,2401,2500
40698,2439,2500
51168,2383,2500
42016,2392,2500
47040,2346,2500
45472,2468,2500
46176,2448,2500
47152,2383,2500
50336,2458,2500
40180,2410,2500
40170,2508,2500
43672,2383,2500
33034,2498,2500
52625,2420,2500
41184,2429,2500
38570,2518,2500
49410,2682,2500
40572,2392,2500
32320,2478,2500
38200,2498,2500
38760,2478,2500
36401,2383,2500
30780,2448,2500
41208,2448,2500
50184,2603,2500
41658,2429,2500
41208,2518,2500
48375,2693,2500
39200,2478,2500
33669,2659,2500
51125,2401,2500
47355,2659,2500
57408,2429,2500
50020,2636,2500
39576,2383,2500
47573,2355,2500
53535,2429,2500
45650,2468,2500
37128,2439,2500
47790,2603,2500
41800,2410,2500
38511,2439,2500
57888,2429,2500
48734,2373,2500
36846,2420,2500
51786,2518,2500
38223,2401,2500
43228,2659,2500
42700,2373,2500
41309,2458,2500
43228,2498,2500
37664,2303,2500
34452,2498,2500
37674,2373,2500
37260,2458,2500
52275,2468,2500
45360,2346,2500
40200,2518,2500
33947,2488,2500
52500,2401,2500
39520,2448,2500
31902,2429,2500
42824,2488,2500
43632,2693,2500
50840,2401,2500
35438,2581,2500
37996,2420,2500
41160,2659,2500
39006,2581,2500
47970,2549,2500
35105,2448,2500
44512,2439,2500
33582,2670,2500
32643,2508,2500
35322,2383,2500
39200,2539,2500
44581,2458,2500
50520,2392,2500
40698,2581,2500
49800,2448,2500
38493,2355,2500
44440,2518,2500
53148,2401,2500
44974,2488,2500
44861,2498,2500
35604,2392,2500
44280,2429,2500
50778,2659,2500
41580,2549,2500
42718,2560,2500
39886,2478,2500
40685,2498,2500
43680,2355,2500
37583,2383,2500
41412,2528,2500
38340,2458,2500
47766,2338,2500
39964,2478,2500
40872,2383,2500
45248,2581,2500
39770,2439,2500
40300,2528,2500
48556,2508,2500
40278,2401,2500
43382,2508,2500
42907,2560,2500
35757,2392,2500
42984,2625,2500
38950,2458,2500
50307,2518,2500
41258,2355,2500
44310,2383,2500
48671,2468,2500
45843,2508,2500
52531,2693,2500
51435,2592,2500
34445,2420,2500
51876,2468,2500
36520,2392,2500
52416,2439,2500
57226,2659,2500
36855,2410,2500
31878,2401,2500
41650,2401,2500
35020,2383,2500
44770,2498,2500
43260,2439,2500
40352,2401,2500
50160,2429,2500
41100,2401,2500
50274,2528,2500
31410,2895,3000
29154,3007,3000
31506,2842,3000
35754,3129,3000
33201,2964,3000
39312,2964,3000
34068,3051,3000
28308,3051,3000
28720,2868,3000
30530,2855,3000
32760,2816,3000
26372,2868,3000
37074,2964,3000
39600,2978,3000
36192,3129,3000
33950,3051,3000
34272,3037,3000
27378,3022,3000
35249,3082,3000
30394,2936,3000
27571,2936,3000
35152,2950,3000
28800,2950,3000
35600,3082,3000
40828,2922,3000
28720,2855,3000
33950,2978,3000
33480,2842,3000
37962,3037,3000
27135,2964,3000
37950,3051,3000
27459,3007,3000
31950,2936,3000
33630,3037,3000
38772,2842,3000
34340,3144,3000
28801,2868,3000
40698,2922,3000
29322,2816,3000
37290,3037,3000
32395,2895,3000
33124,2829,3000
36006,3097,3000
35200,3129,3000
36108,3129,3000
39312,2950,3000
36108,3067,3000
37620,3051,3000
26910,2922,3000
26832,2964,3000
29281,2964,3000
36712,2868,3000
30888,2895,3000
29028,3113,3000
29848,2829,3000
35249,3097,3000
31328,3022,3000
36700,2816,3000
40242,3007,3000
30885,2978,3000
35616,2881,3000
34272,3022,3000
33950,2978,3000
25623,2936,3000
31233,2936,3000
35280,2855,3000
29079,2950,3000
37516,3037,3000
34532,3097,3000
37664,3051,3000
36865,2881,3000
34749,3097,3000
35541,2922,3000
36414,3022,3000
39389,3007,3000
36180,3097,3000
30438,2829,3000
39405,2908,3000
33464,2964,3000
38628,2978,3000
26640,2881,3000
41535,3007,3000
35880,3129,3000
38448,3067,3000
42126,3082,3000
29920,2868,3000
27846,2855,3000
28704,2829,3000
28755,2842,3000
28914,2842,3000
30624,2881,3000
30072,2842,3000
33210,2816,3000
31195,2881,3000
34600,2922,3000
28080,2922,3000
40926,2936,3000
39424,2993,3000
36358,2881,3000
36594,3067,3000
38720,2950,3000
36180,2881,3000
35385,3082,3000
31668,3022,3000
44196,2895,3000
31064,2855,3000
40716,3007,3000
35828,2895,3000
31920,2881,3000
30015,2936,3000
35802,3160,3000
30515,2829,3000
34080,3037,3000
35828,3007,3000
34749,3113,3000
33561,3067,3000
29160,2855,3000
38180,3022,3000
29904,2842,3000
37620,3022,3000
37848,3022,3000
41300,2950,3000
31059,2868,3000
32578,2881,3000
32585,2881,3000
36920,2895,3000
30012,2829,3000
33746,2978,3000
36088,2855,3000
31230,2829,3000
27643,2881,3000
28080,3007,3000
33088,3082,3000
31304,2868,3000
28519,2829,3000
31680,3097,3000
32016,3037,3000
44652,2922,3000
36668,3082,3000
41285,2881,3000
25842,2868,3000
28000,2993,3000
31680,3082,3000
33652,2993,3000
36146,2895,3000
35451,3113,3000
38850,2829,3000
32844,2978,3000
40698,2936,3000
30014,2855,3000
35300,2908,3000
31150,2895,3000
29160,2964,3000
30711,2993,3000
25560,2895,3000
29520,2816,3000
38500,2993,3000
33464,2978,3000
28914,2829,3000
41772,2908,3000
37407,3037,3000
26524,2881,3000
37516,3113,3000
27887,2908,3000
34920,2978,3000
35000,3129,3000
30156,2908,3000
32736,2816,3000
37026,2895,3000
30272,2950,3000
39349,2978,3000
37516,2978,3000
35956,2993,3000
32256,3037,3000
38796,2978,3000
32448,3007,3000
36380,3051,3000
29495,3129,3000
32994,3082,3000
30094,2816,3000
27571,3113,3000
29040,2842,3000
38304,3022,3000
34986,2868,3000
37629,3037,3000
31150,2922,3000
39215,3051,3000
39905,2936,3000
30712,2881,3000
28782,2829,3000
37800,3007,3000
26676,2881,3000
42480,2895,3000
27534,2978,3000
37022,2908,3000
33660,3037,3000
31490,3082,3000
25550,2950,3000
41706,2895,3000
37950,3082,3000
29133,2868,3000
29484,2855,3000
25752,2895,3000
28470,2855,3000
33400,3007,3000
35442,2950,3000
41154,2829,3000
44895,2855,3000
35208,3082,3000
33387,2993,3000
31944,2803,3000
34398,3082,3000
31856,2842,3000
32490,2842,3000
28203,2881,3000
28361,2842,3000
31410,2936,3000
37290,2868,3000
37629,2978,3000
36816,3129,3000
32430,2868,3000
33535,2868,3000
33600,2978,3000
35800,2978,3000
26411,2936,3000
34170,3051,3000
35672,2868,3000
36312,3082,3000
31856,2816,3000
39072,2964,3000
38961,3082,3000
37848,3067,3000
39349,2993,3000
39508,2993,3000
38512,2993,3000
31328,2936,3000
30530,2993,3000
37950,3007,3000
32736,3067,3000
39176,3051,3000
25416,2895,3000
37823,2993,3000
34028,2881,3000
35203,3160,3000
29750,2964,3000
40003,2922,3000
26565,2964,3000
29079,2936,3000
30176,2842,3000
34464,2908,3000
37206,2950,3000
27729,2895,3000
33276,3022,3000
38073,2908,3000
34900,3113,3000
30888,2842,3000
32806,3113,3000
40002,2908,3000
31240,2908,3000
35500,2908,3000
29274,2829,3000
33100,3113,3000
30794,2964,3000
28917,2855,3000
39312,2993,3000
41182,3160,3000
37948,2993,3000
36296,3037,3000
29495,3144,3000
26978,3129,3000
35432,2855,3000
32242,2908,3000
30444,2842,3000
35653,2895,3000
29079,2842,3000
37695,2895,3000
39420,2895,3000
34542,3022,3000
29028,2881,3000
38796,2855,3000
36764,2964,3000
37286,2908,3000
31061,3051,3000
33725,2964,3000
26642,2881,3000
27760,2881,3000
34736,3022,3000
38744,2936,3000
37290,3051,3000
28560,2829,3000
37800,2895,3000
39412,3067,3000
32400,2964,3000
39072,2908,3000
33792,2868,3000
39412,2908,3000
27808,2908,3000
28797,2950,3000
37518,3082,3000
38628,2993,3000
36663,2978,3000
39131,3022,3000
32110,2855,3000
25331,2908,3000
35937,2868,3000
27027,2868,3000
39720,2993,3000
33108,2842,3000
27612,2868,3000
27375,2829,3000
36312,2993,3000
30082,2868,3000
32130,2868,3000
33124,2855,3000
28400,2978,3000
37070,2881,3000
36180,2993,3000
36800,2936,3000
34965,3051,3000
36920,3097,3000
41769,2842,3000
36360,2936,3000
39312,2895,3000
28372,2868,3000
32108,3051,3000
32942,2881,3000
42834,2908,3000
28056,3007,3000
28598,2829,3000
37169,3051,3000
37026,2950,3000
28782,2895,3000
28107,2908,3000
35845,3067,3000
39904,2922,3000
35400,2922,3000
37630,3082,3000
27492,2881,3000
28158,2855,3000
38410,2964,3000
34986,2855,3000
34272,3037,3000
36977,3097,3000
33312,3097,3000
29274,2993,3000
29520,2829,3000
29963,2816,3000
42120,2922,3000
30855,2816,3000
28864,2908,3000
32336,3007,3000
41760,2950,3000
39984,3129,3000
38396,2978,3000
36771,2978,3000
32568,3007,3000
34551,3160,3000
35754,3113,3000
37065,3067,3000
29192,2964,3000
36850,2895,3000
40356,2978,3000
29848,2978,3000
29484,2816,3000
34496,2950,3000
35000,2950,3000
28240,2895,3000
27690,2842,3000
40812,2978,3000
36000,2950,3000
38390,3097,3000
38512,3007,3000
25769,2908,3000
26873,3082,3000
29548,2816,3000
35046,2842,3000
36920,2936,3000
36565,3129,3000
36668,3097,3000
33396,2816,3000
39050,2895,3000
39536,3067,3000
33600,2922,3000
28864,2964,3000
34441,2855,3000
36960,3097,3000
31584,2993,3000
36380,2908,3000
27378,3007,3000
35800,3022,3000
34600,3144,3000
38628,2964,3000
26702,3022,3000
38584,2908,3000
37080,2908,3000
35828,3097,3000
42362,2978,3000
25678,2978,3000
29988,2964,3000
31595,3022,3000
33120,2829,3000
27334,2936,3000
40920,3007,3000
33345,3113,3000
33124,2855,3000
28002,2816,3000
40474,2993,3000
39663,3051,3000
33966,3097,3000
42834,3097,3000
30184,2842,3000
29216,3082,3000
27144,2868,3000
37771,3097,3000
38961,2978,3000
37206,3113,3000
28303,2881,3000
39567,2922,3000
31064,3097,3000
35476,2868,3000
29670,2895,3000
29360,2829,3000
37734,3037,3000
25769,2908,3000
28674,2993,3000
31155,2868,3000
35653,2895,3000
38180,3051,3000
26640,2829,3000
41769,2964,3000
33950,3051,3000
35047,3113,3000
27966,2868,3000
30798,2803,3000
38961,2993,3000
28350,3067,3000
34155,3129,3000
35956,3007,3000
35394,3160,3000
37842,2895,3000
33759,2895,3000
34254,2855,3000
27300,3113,3000
23870,3037,3000
25623,2993,3000
28985,3082,3000
29241,2936,3000
37343,2908,3000
38512,2978,3000
41180,2855,3000
38628,2964,3000
25764,2868,3000
32928,2895,3000
35200,3051,3000
28220,2950,3000
28080,2855,3000
36462,3129,3000
29240,2950,3000
35500,3067,3000
24820,2881,3000
28080,2881,3000
32296,2803,3000
31328,2895,3000
32384,2881,3000
36668,3097,3000
30360,2922,3000
39072,2978,3000
37960,2855,3000
38041,2936,3000
36565,2993,3000
37170,2964,3000
38180,2936,3000
30870,2993,3000
31668,3097,3000
33858,3051,3000
30186,3007,3000
28548,2829,3000
33408,3144,3000
38054,3082,3000
34047,2993,3000
33659,3051,3000
35378,2881,3000
34643,2842,3000
42205,2922,3000
34138,2993,3000
33820,3037,3000
31248,3082,3000
37800,2993,3000
26862,2829,3000
31668,2964,3000
29631,2993,3000
27222,2895,3000
29326,2895,3000
37206,2868,3000
37905,3067,3000
31577,3097,3000
31061,2950,3000
35200,3051,3000
30794,2829,3000
37516,2978,3000
30758,3022,3000
37074,3022,3000
24408,2908,3000
31417,2881,3000
38420,2993,3000
32643,3113,3000
31304,2908,3000
42572,2895,3000
38988,2908,3000
28835,2829,3000
31407,2816,3000
30515,2842,3000
36612,3022,3000
42090,2868,3000
31320,2829,3000
30800,2936,3000
32336,3067,3000
37771,2964,3000
24966,2922,3000
35800,3007,3000
31924,3129,3000
30798,3067,3000
27181,2829,3000
31951,2842,3000
41536,3067,3000
35900,2950,3000
35802,2993,3000
42939,2895,3000
36516,2950,3000
35046,2922,3000
41454,3067,3000
30102,2895,3000
24984,3037,3000
37629,2978,3000
34037,3007,3000
27360,2936,3000
27571,2868,3000
26600,2936,3000
29988,2829,3000
37734,3051,3000
27489,2816,3000
29200,2829,3000
28548,2829,3000
37060,2868,3000
38396,2978,3000
34239,3082,3000
35700,3097,3000
34452,3129,3000
37080,2964,3000
33915,3037,3000
30260,2868,3000
39930,2881,3000
34374,3082,3000
39508,3022,3000
35192,2964,3000
35700,3051,3000
39560,2868,3000
31581,2803,3000
30260,2908,3000
33345,2978,3000
36764,3037,3000
33746,2868,3000
35047,2895,3000
28782,2908,3000
38584,2908,3000
35123,2855,3000
37752,2950,3000
39900,3097,3000
38478,2895,3000
32850,2855,3000
36720,3022,3000
40567,2936,3000
37905,2950,3000
26988,2964,3000
33516,2842,3000
38410,3113,3000
25764,2993,3000
31218,2842,3000
30711,3007,3000
27760,2908,3000
34944,3097,3000
27840,3113,3000
26676,2895,3000
37169,2881,3000
37962,2993,3000
30885,2855,3000
36487,3007,3000
32271,3113,3000
34402,2993,3000
36006,3082,3000
37848,3082,3000
27456,2895,3000
38745,2855,3000
38500,3097,3000
29568,2868,3000
35088,2895,3000
35442,2964,3000
40128,3007,3000
33562,2922,3000
38902,2895,3000
36900,2816,3000
39600,2895,3000
40020,3113,3000
29216,3022,3000
30448,2922,3000
25560,2936,3000
35984,3144,3000
31668,2868,3000
38744,3007,3000
36273,2922,3000
32040,2842,3000
28674,2855,3000
36050,3113,3000
37434,2908,3000
41181,2881,3000
31328,3037,3000
30885,2842,3000
29274,2816,3000
24966,3097,3000
28812,2895,3000
38340,2868,3000
25826,3022,3000
37950,3067,3000
38124,2895,3000
35952,2908,3000
35496,2895,3000
34310,2816,3000
30276,2936,3000
32301,2855,3000
31500,2855,3000
40136,2978,3000
28593,2895,3000
32536,3097,3000
35017,2950,3000
38368,2922,3000
35182,3097,3000
36594,3082,3000
40716,2950,3000
34000,3113,3000
40595,2868,3000
30616,2816,3000
40238,3022,3000
35770,2908,3000
29842,2936,3000
37492,2964,3000
37590,3022,3000
33820,2895,3000
25056,2868,3000
37848,3067,3000
36000,3097,3000
27966,2908,3000
27456,2936,3000
34823,2993,3000
27412,2895,3000
35084,2855,3000
30444,2950,3000
29744,3037,3000
31850,3082,3000
28303,2868,3000
37485,3113,3000
34300,3129,3000
35432,2868,3000
28512,3037,3000
40135,3037,3000
36036,2950,3000
35249,3113,3000
37848,3067,3000
28160,2816,3000
38168,2868,3000
38727,3007,3000
33712,2868,3000
29192,2978,3000
25974,2868,3000
32487,2842,3000
28158,2829,3000
25258,2908,3000
38065,3051,3000
36166,2978,3000
36059,3082,3000
35292,3129,3000
37734,3037,3000
29602,2829,3000
35017,2978,3000
31713,2855,3000
34435,2842,3000
30537,3022,3000
37695,2936,3000
34656,2978,3000
37343,2964,3000
30744,2816,3000
37400,3051,3000
40592,2950,3000
36733,3082,3000
32336,3037,3000
29848,2816,3000
32305,2993,3000
31668,3113,3000
28967,2881,3000
37286,2868,3000
39058,2993,3000
39516,2842,3000
29438,2908,3000
39984,3067,3000
29040,2908,3000
24840,2922,3000
38525,2908,3000
28054,3022,3000
33820,3037,3000
37848,3097,3000
32438,3129,3000
36668,3007,3000
43230,2964,3000
29920,2936,3000
30072,2829,3000
36700,2829,3000
33215,2842,3000
29568,2829,3000
33957,3082,3000
29133,3022,3000
38844,2922,3000
28282,2829,3000
27588,2842,3000
37408,3037,3000
29068,2993,3000
34643,3177,3000
35360,2936,3000
38734,2895,3000
34860,3082,3000
32218,2964,3000
27612,3007,3000
29631,2803,3000
36977,2881,3000
37516,3037,3000
31684,2855,3000
36006,3113,3000
30712,2950,3000
36057,3037,3000
32271,3022,3000
36273,3007,3000
35828,3022,3000
39760,2964,3000
36963,2964,3000
36360,2881,3000
30883,2829,3000
36180,2881,3000
36006,3067,3000
45486,3022,3000
36565,3051,3000
31680,2881,3000
40096,2978,3000
39055,2895,3000
31239,2895,3000
32829,3051,3000
32085,3067,3000
36210,2855,3000
37184,3067,3000
27808,2842,3000
38880,2964,3000
31680,3051,3000
37024,3067,3000
33792,3144,3000
29714,2816,3000
33294,2855,3000
38500,3144,3000
38477,2895,3000
38664,2993,3000
33504,2829,3000
25560,2908,3000
37698,2922,3000
35520,2803,3000
27413,2881,3000
27412,2855,3000
33800,2908,3000
37734,3082,3000
37232,2881,3000
38961,3051,3000
37170,3177,3000
28674,2868,3000
37026,2950,3000
35070,3097,3000
38695,3067,3000
28718,2868,3000
44226,3022,3000
38841,2922,3000
34917,3051,3000
34782,2881,3000
36006,3082,3000
35308,3007,3000
40584,2908,3000
30100,2950,3000
26676,2993,3000
42750,2922,3000
36842,2950,3000
32942,2829,3000
38180,3051,3000
34056,2868,3000
38695,3051,3000
34848,3067,3000
39663,2922,3000
34947,3097,3000
30363,2922,3000
37960,2895,3000
30800,2881,3000
38325,2922,3000
32384,3067,3000
32108,3097,3000
37434,2936,3000
28350,2881,3000
32400,2908,3000
36630,3022,3000
30744,2816,3000
35828,3067,3000
36015,2881,3000
35256,3082,3000
28674,2936,3000
34920,2908,3000
37848,2964,3000
36750,3097,3000
35244,2964,3000
35966,2803,3000
34629,2936,3000
30960,2868,3000
34254,2895,3000
31410,2855,3000
29064,2895,3000
25200,3051,3000
31678,2964,3000
36359,3067,3000
32292,2881,3000
37664,2993,3000
36822,2868,3000
34560,2829,3000
42532,2895,3000
35046,3082,3000
37960,2936,3000
35100,3051,3000
32689,2842,3000
32712,2908,3000
31730,2855,3000
28512,2868,3000
39445,2950,3000
36225,2978,3000
34650,3129,3000
29580,2868,3000
39312,3082,3000
37948,3037,3000
36400,3067,3000
37590,3067,3000
30972,2855,3000
34104,2908,3000
36951,3051,3000
38640,2895,3000
30492,2908,3000
33464,3007,3000
32015,2881,3000
30450,2842,3000
37960,2922,3000
27716,3051,3000
35000,3067,3000
36358,2908,3000
27966,2895,3000
36951,2964,3000
37024,3082,3000
28080,3022,3000
28160,2922,3000
39131,3037,3000
32680,3007,3000
36515,2908,3000
32016,3082,3000
37544,3097,3000
37332,2868,3000
26939,2881,3000
29667,2855,3000
37856,2908,3000
27920,2855,3000
32015,2895,3000
38180,2950,3000
32550,2895,3000
31218,2803,3000
35000,2922,3000
31390,2816,3000
29904,2855,3000
35394,3129,3000
33215,2842,3000
33984,3097,3000
36515,2895,3000
32016,2964,3000
29756,2881,3000
33853,2895,3000
26642,3097,3000
34272,3067,3000
30260,2855,3000
30171,2855,3000
37620,2978,3000
33762,3082,3000
33945,2803,3000
35046,3007,3000
31584,2881,3000
27104,2868,3000
37065,2922,3000
31320,2868,3000
34239,2895,3000
33820,3022,3000
27456,2868,3000
33966,3051,3000
35956,2855,3000
38076,2964,3000
28884,2936,3000
38512,2993,3000
28160,2936,3000
31320,2881,3000
27104,3007,3000
28269,3097,3000
32550,2855,3000
34580,2868,3000
32536,3007,3000
35653,3113,3000
27612,2842,3000
36720,3051,3000
26296,2895,3000
28080,2868,3000
33015,2855,3000
31396,2936,3000
33304,2842,3000
36966,2895,3000
34010,3007,3000
40003,2855,3000
31064,3022,3000
40680,2881,3000
35900,2908,3000
33215,2842,3000
34338,3193,3000
39790,3082,3000
34452,2855,3000
37275,2881,3000
32806,3067,3000
34435,3007,3000
36360,3113,3000
36618,2842,3000
33614,3007,3000
32364,2855,3000
35616,2881,3000
38695,2964,3000
35672,2964,3000
28002,2829,3000
35900,2855,3000
40595,2993,3000
36612,3051,3000
34464,2855,3000
31622,3113,3000
32490,2895,3000
28320,2895,3000
31684,2993,3000
33820,2978,3000
32965,2868,3000
29684,2842,3000
25848,2868,3000
26788,2829,3000
36288,2895,3000
36158,2950,3000
32292,3007,3000
38695,2881,3000
38076,3037,3000
34790,3160,3000
29200,2842,3000
25696,2855,3000
35136,2829,3000
26475,2842,3000
36750,2978,3000
32736,2922,3000
37070,3067,3000
27027,2908,3000
38796,2950,3000
37968,3051,3000
27600,2803,3000
33488,2842,3000
29400,2908,3000
33229,3177,3000
41418,3097,3000
29232,3097,3000
36000,2964,3000
32129,2922,3000
35200,3097,3000
29050,2895,3000
36540,2881,3000
39905,3022,3000
37516,3082,3000
37290,2964,3000
29316,3022,3000
37440,2978,3000
33820,3051,3000
31328,2881,3000
42480,2950,3000
38372,2922,3000
31328,2964,3000
28454,2978,3000
33108,2855,3000
32786,3097,3000
37962,2895,3000
34295,2950,3000
30870,2895,3000
30870,2829,3000
30240,2978,3000
32384,2881,3000
31592,2803,3000
31768,2829,3000
34736,2964,3000
29568,2895,3000
26752,2895,3000
38368,2922,3000
46670,3082,3000
29646,2803,3000
38259,2936,3000
31031,2881,3000
39330,3051,3000
37380,2881,3000
29548,2993,3000
24637,2881,3000
35600,2868,3000
28282,2855,3000
31832,2868,3000
24850,2881,3000
26925,2842,3000
38304,3007,3000
32200,3037,3000
27887,3051,3000
29568,2855,3000
37400,2881,3000
25752,3007,3000
31110,2816,3000
33370,3007,3000
35653,3082,3000
37752,2908,3000
37516,2993,3000
31968,3144,3000
28000,2993,3000
32980,3082,3000
18423,3971,4000
17850,3946,4000
23408,3971,4000
17556,3946,4000
17526,3971,4000
17160,3971,4000
15982,3996,4000
15080,4049,4000
17680,4102,4000
18690,3971,4000
20592,3971,4000
17160,3971,4000
19481,3996,4000
20559,4022,4000
15616,3971,4000
18428,4075,4000
19018,3996,4000
16140,3921,4000
24628,3946,4000
22176,4049,4000
22244,3996,4000
14045,3971,4000
21384,3946,4000
20898,3896,4000
22620,4049,4000
20808,3777,4000
19650,3946,4000
17754,4185,4000
18924,3872,4000
21402,4022,4000
22113,3946,4000
17476,3971,4000
16758,3946,4000
23751,3996,4000
19152,3921,4000
21303,3996,4000
17290,3921,4000
20054,3946,4000
18531,3996,4000
20482,4049,4000
15694,3921,4000
13936,3946,4000
20328,3946,4000
20833,4049,4000
21040,3971,4000
20064,3971,4000
16832,3896,4000
23736,3971,4000
17476,3971,4000
16653,3921,4000
22873,3946,4000
18936,4075,4000
20000,3896,4000
22968,3996,4000
19832,3996,4000
17286,3996,4000
14520,3996,4000
19800,4022,4000
22344,3946,4000
15892,3896,4000
23660,4185,4000
19200,4049,4000
14991,4049,4000
19988,3996,4000
15517,3996,4000
23310,4075,4000
16226,3921,4000
21384,3971,4000
17608,3971,4000
15312,4022,4000
23055,3921,4000
21294,3946,4000
15960,3946,4000
22794,3946,4000
18423,3996,4000
15960,3996,4000
16960,4022,4000
22344,3996,4000
23290,3996,4000
23674,3971,4000
21372,4022,4000
22355,4022,4000
20128,3896,4000
16368,3971,4000
16287,3896,4000
23130,4102,4000
15370,4075,4000
17024,3946,4000
22352,4049,4000
16226,3946,4000
22078,3896,4000
20405,3946,4000
22968,3996,4000
20777,3996,4000
15871,3971,4000
20100,3971,4000
18864,3921,4000
21372,3896,4000
22078,3971,4000
15064,3971,4000
16043,3971,4000
13617,3946,4000
18864,3971,4000
16165,4022,4000
13780,3946,4000
20328,4049,4000
14202,3971,4000
21040,3946,4000
14964,3971,4000
22704,3946,4000
18496,3921,4000
21440,3996,4000
19912,4022,4000
22610,3971,4000
21372,3946,4000
18720,3996,4000
17420,4102,4000
21360,3971,4000
16470,3921,4000
18460,3971,4000
19564,3996,4000
18156,3946,4000
17850,3971,4000
16191,3996,4000
20002,3971,4000
15660,3971,4000
17920,4022,4000
18423,3921,4000
18224,4049,4000
22275,3921,4000
23584,3946,4000
21829,3996,4000
24288,4049,4000
20405,3946,4000
22881,3996,4000
20382,4022,4000
21384,4022,4000
22881,4022,4000
15576,3971,4000
20713,4022,4000
21168,3896,4000
16409,3996,4000
16531,3971,4000
19760,4022,4000
17358,4075,4000
21746,3996,4000
19536,4075,4000
21330,3921,4000
20412,3996,4000
18957,3946,4000
22260,3996,4000
14706,3996,4000
17152,4049,4000
17226,4022,4000
17088,3946,4000
16260,3872,4000
16409,4075,4000
20280,4102,4000
18105,3946,4000
19564,3921,4000
20097,3946,4000
21829,4075,4000
16960,3946,4000
21450,3921,4000
20596,3872,4000
21200,3824,4000
19500,3971,4000
20202,4049,4000
20064,3996,4000
16226,3996,4000
21789,4022,4000
17952,4022,4000
18630,3946,4000
20216,3946,4000
21093,4049,4000
20748,3996,4000
24854,3800,4000
17615,3996,4000
25344,3971,4000
17500,3971,4000
21093,3971,4000
18078,3996,4000
18837,3971,4000
15840,3996,4000
20867,3921,4000
20336,4102,4000
20303,3996,4000
19380,3971,4000
15635,3996,4000
19076,4022,4000
16020,4075,4000
17884,3896,4000
20436,4049,4000
19783,3921,4000
22784,3996,4000
19380,3921,4000
15753,3971,4000
19080,3921,4000
20817,4049,4000
21829,3971,4000
25740,4022,4000
20826,3996,4000
15458,3996,4000
22610,3896,4000
18936,4022,4000
16616,3971,4000
21216,3921,4000
18564,4022,4000
19684,4049,4000
15720,4075,4000
18176,3971,4000
18944,4075,4000
18900,3971,4000
22790,3946,4000
17355,3946,4000
19053,3896,4000
20368,4022,4000
16165,3946,4000
21384,4049,4000
15428,3946,4000
16492,3896,4000
22876,3971,4000
14616,3921,4000
22428,4049,4000
14392,4049,4000
16510,3921,4000
16226,3971,4000
18247,4049,4000
17095,3946,4000
16128,3971,4000
15810,3971,4000
14784,3946,4000
17292,3996,4000
20436,3946,4000
16020,3996,4000
18907,3996,4000
14364,4022,4000
15718,3896,4000
18078,3946,4000
21303,4022,4000
15048,4102,4000
18864,4075,4000
16020,3971,4000
17754,3996,4000
20713,4022,4000
18432,3946,4000
20250,3996,4000
17485,3946,4000
18632,3921,4000
19890,4022,4000
15370,3971,4000
26724,3921,4000
19462,4022,4000
19314,3996,4000
17024,3996,4000
22113,3946,4000
20582,3921,4000
23644,3996,4000
21098,4022,4000
20935,3946,4000
18340,4022,4000
26312,3709,4000
22344,3921,4000
15635,3996,4000
17485,3971,4000
18492,3921,4000
19008,4022,4000
18792,3946,4000
17745,3921,4000
17856,4157,4000
16492,3996,4000
19789,4102,4000
28710,3824,4000
16492,3971,4000
14148,4022,4000
20520,3971,4000
25017,3824,4000
14934,3971,4000
16226,3996,4000
16348,3946,4000
15486,3946,4000
17680,4075,4000
20619,3996,4000
16740,3971,4000
15960,3971,4000
16569,4130,4000
18673,3996,4000
17822,3996,4000
16380,3921,4000
14740,3996,4000
19650,4022,4000
20910,3971,4000
16592,3896,4000
21251,3971,4000
17225,3996,4000
14300,3971,4000
21465,4022,4000
14706,3946,4000
15370,3946,4000
13728,3946,4000
20328,3996,4000
19028,3996,4000
65274,4130,4000
15635,4022,4000
22440,3996,4000
21414,4075,4000
17226,3971,4000
15660,3896,4000
21168,3996,4000
19536,3946,4000
16506,3996,4000
16554,3946,4000
14934,3971,4000
15162,3971,4000
16104,4130,4000
19368,4022,4000
22881,3996,4000
18340,4022,4000
16165,3996,4000
17024,3946,4000
20856,4049,4000
18980,3946,4000
21060,4075,4000
16758,3896,4000
13200,4916,5000
12376,4839,5000
10850,4802,5000
10388,4916,5000
15696,4839,5000
13516,4878,5000
13760,4956,5000
12096,4916,5000
12921,4916,5000
14365,4878,5000
10700,4802,5000
13330,4956,5000
12760,4765,5000
9374,4878,5000
9331,4878,5000
12528,5036,5000
14520,4878,5000
14144,4839,5000
15695,4956,5000
14388,4956,5000
11935,5036,5000
11169,4916,5000
13200,4765,5000
11554,4916,5000
13797,4802,5000
10780,4996,5000
13923,4839,5000
11880,4839,5000
11440,4765,5000
14892,4839,5000
14673,4916,5000
13454,4916,5000
15318,4765,5000
12354,4996,5000
11284,5162,5000
13516,4878,5000
12862,4878,5000
14586,4878,5000
11050,4765,5000
13764,4765,5000
14170,4956,5000
13542,4729,5000
10731,4765,5000
13986,4802,5000
12412,4916,5000
14740,4729,5000
12760,4956,5000
11440,4729,5000
11554,4916,5000
14365,4765,5000
12685,4956,5000
13671,4839,5000
14807,4802,5000
15688,4878,5000
13888,4878,5000
14016,4839,5000
12027,4878,5000
12238,4878,5000
14388,4956,5000
10863,4878,5000
14080,4878,5000
11880,4996,5000
13702,4802,5000
13454,4839,5000
11880,5077,5000
14652,4765,5000
13760,5036,5000
14620,4878,5000
13578,4916,5000
14144,4839,5000
14673,4878,5000
11118,4956,5000
10850,5205,5000
12320,4729,5000
12540,4729,5000
13923,4996,5000
12470,5036,5000
10850,4996,5000
10682,5119,5000
14256,4916,5000
11766,4729,5000
10368,4878,5000
14016,4916,5000
14365,4802,5000
14520,4839,5000
11660,4839,5000
12426,4916,5000
13764,4765,5000
12597,4765,5000
13330,4916,5000
14300,4996,5000
13671,4878,5000
14256,4878,5000
13952,4996,5000
13140,4765,5000
11935,4916,5000
13760,4878,5000
14256,4956,5000
13760,4956,5000
15336,4878,5000
13764,4729,5000
12376,4765,5000
9592,5036,5000
14835,4956,5000
15249,4839,5000
13039,4839,5000
14300,4839,5000
9724,4802,5000
11271,4956,5000
12312,5077,5000
12027,4878,5000
12483,4765,5000
14016,4839,5000
13392,4996,5000
14960,4729,5000
14539,4956,5000
12470,4916,5000
13020,4802,5000
11448,4878,5000
11715,4916,5000
11388,5036,5000
12488,4729,5000
14124,4956,5000
11284,4996,5000
11772,4996,5000
12264,4839,5000
14300,4839,5000
14892,4956,5000
11770,4996,5000
10011,4878,5000
14235,4802,5000
9890,4916,5000
15336,4878,5000
14080,4765,5000
14365,4765,5000
12871,5036,5000
13975,4916,5000
14673,4878,5000
11448,4878,5000
13080,4839,5000
12312,4956,5000
13923,4839,5000
14016,4956,5000
13200,4765,5000
9288,4996,5000
14170,4956,5000
11220,4729,5000
13734,5036,5000
10512,4839,5000
10512,4878,5000
13176,4878,5000
13392,4916,5000
11826,5119,5000
13797,4916,5000
13632,4956,5000
11819,4956,5000
11880,4956,5000
15987,4839,5000
11554,4916,5000
12871,4878,5000
12586,4916,5000
15264,4839,5000
12155,4729,5000
13640,4802,5000
14388,4956,5000
13115,4916,5000
14620,4878,5000
12626,4878,5000
11395,4916,5000
15624,4878,5000
11284,4956,5000
14300,4916,5000
15549,4878,5000
12100,4802,5000
13020,4878,5000
13975,4956,5000
12993,4996,5000
13356,4956,5000
15336,4765,5000
11180,4956,5000
11713,4729,5000
14892,4878,5000
14235,4916,5000
14520,4802,5000
11388,4765,5000
14835,4956,5000
11880,4729,5000
13080,5077,5000
12993,4916,5000
13824,5036,5000
14300,4839,5000
9982,4916,5000
15042,4916,5000
9114,5036,5000
11544,4802,5000
10900,4765,5000
12312,4765,5000
10368,5036,5000
12208,4916,5000
11336,4878,5000
10486,5036,5000
14454,4839,5000
11935,4956,5000
11284,4956,5000
10368,5036,5000
14874,4765,5000
10416,4956,5000
14208,4729,5000
12586,4916,5000
12369,4996,5000
12597,4765,5000
13671,4878,5000
12934,4765,5000
13923,4802,5000
15008,4729,5000
13392,4956,5000
11826,4839,5000
16280,4802,5000
10600,5036,5000
12960,4802,5000
11880,4729,5000
12208,4956,5000
13320,4729,5000
12155,4729,5000
9936,4878,5000
9548,4916,5000
12528,4956,5000
10700,4878,5000
